song,artist,class,track_id,popularity
Can't Sleep,Rockets,5,30TIB8wI5s59V5Cpu3wPeC,31
Can't Sleep Love,Pentatonix,9,1klGbW5a9qTBFUjFfddbmU,56
Can't Smile Without You,Barry Manilow,0,7qUTZEf6bgiApJEXpMAH5y,62
Can't Stay,Dave Hollister,8,2aJpRgyHYENSWWCHl1stQz,36
Can't Stay Away From You,Gloria Estefan & Miami Sound Machine,0,598gL7cOgTkjPwX6RNHlRa,0
Can't Stop,Red Hot Chili Peppers,5,3ZOEytgrvLwQaqXreDs2Jx,82
Can't Stop,After 7,0,1TYt5etb427hvOod3EKJA5,47
Can't Stop,Rick James,4,0XZ7xLQGxMGluQcSUaDT7b,12
Can't Stop Dancin',Becky G,8,5NetSTs4dgiR6GLrZOQcwJ,59
Can't Stop Dancin',Captain & Tennille,1,5ODYB65yumUUrL2aYtvHsU,12
Can't Stop Falling Into Love,Cheap Trick,1,1HSV3wfPeq8fp0uAJ2rZ4Q,29
"Can't Stop Groovin' Now, Wanna Do It Some More",B.T. Express,5,0obcOSapJ9Lmqy2UWfxBAy,6
Can't Stop Lovin' You,Van Halen,2,6z3JD6IqVvu6TUBtCfQPbe,52
Can't Stop Loving You,Phil Collins,7,2W6PNGCN4PGwPMf1jYazL4,60
Can't Stop Loving You,The Last Word,7,2c7tDHLaqt46WFvulCstFo,1
Can't Stop Loving You,Tom Jones,2,1HQI0Rj3xfFQ8qwH7ftMSE,38
Can't Stop My Heart From Loving You (The Rain Song),Aaron Neville,9,1SdG61anvsCv8hffXPU8FD,28
Can't Stop The Feeling!,Justin Timberlake,0,1WkMMavIMc4JZ8cfMmxHkI,73
Can't Stop This Thing We Started,Bryan Adams,0,6O83X8zjAETDfBkHYvpWcA,44
"Can't Stop, Won't Stop",Young Gunz,1,1kgDlypHy9hCvCxeoCtd7X,47
Can't Take A Joke,Drake,1,1dUHF4RyMmMTveJ0Rby6Xm,68
Can't Take My Eyes Off You,Nancy Wilson,5,30MyA7RaAa7ofOOxzew5vf,20
Can't Take My Eyes Off You,Frankie Valli,0,6ft9PAgNOjmZ2kFVP7LGqb,70
Can't Tell Me Nothing,Kanye West,4,0mEdbdeRFQwBhN4xfyIeUM,77
Can't Truss It,Public Enemy,4,5r5uZvXHbE4X6CdhnSATtX,44
Can't Wait,Redman,9,0gr7MtWpDjyWK3E0xCbJCX,38
Can't Wait All Night,Juice Newton,6,7GHIAWubnxJqE6koTDw0Oh,68
Can't Wait Another Minute,Five Star,4,7CGrqCC5O1kXXaPhRZKZf6,14
Can't We Try,Rockell [Duet With Collage],5,05x2GKR3eEzPNglTIkAwVL,33
Can't We Try,Teddy Pendergrass,5,16fL0EBjZAqAVASav7A6Rl,29
Can't We Try,Dan Hill (Duet With Vonda Shepard),0,1QmI0XD18Ma4vUFLIGmXy4,44
Can't You Find Another Way (Of Doing It),Sam & Dave,5,47bDqW4ZFJybnMwF9wkSZi,16
Can't You Hear My Heartbeat,Herman's Hermits,0,3QocetoLEKqVluufHY2UOz,4
Can't You Hear The Song?,Wayne Newton,4,69Z7MsHRDGbp6gUHpGpUHA,49
Can't You Just See Me,Aretha Franklin,9,5joPaFWU96257ya2GauZfU,11
Can't You See,The Marshall Tucker Band,7,4fUU9WKxEgJXyrZJsUA2iP,68
Can't You See,Waylon Jennings,9,3vGB7pK6KJaspU73i1M30n,48
Can't You See (You're Losing Me),Mary Wells,9,068Hf6m0UfrAuTHHlCpW2B,12
Can't You See Me Cry,The New Colony Six,5,7LmxDO63mxsHxjfOJ5J9Qs,14
Can't You See That She's Mine,The Dave Clark Five,0,5AI0igDZhr8Au7Y4f3sczL,33
Can'tcha Say (You Believe In Me)/Still In Love,Boston,1,7bMo7aljgbqpiOMSkwgkEN,40
Canadian Idiot,Weird Al Yankovic,8,1gloYGAZI6eHp6MEPjLuL3,45
Canadian Sunset,Sounds Orchestral,7,7w2uDecC0itAWOKd186QLY,60
Canadian Sunset,Etta Jones,9,7EKMfvkFVCaCPNDgeWZDm8,30
Canceled,Larray,8,3VxOgQ9o1aKonFx4d5lPR3,53
Cancer,twenty one pilots,9,19W5OTEcQI3ZoRW1HERMyy,61
Candida,Dawn,0,1QdrUOQkbXJbpNqOKgJpq5,51
Candle (Sick And Tired),The White Tie Affair,5,7L2njnxdaRRvDMNLuP1ZcD,39
Candle In The Wind,Elton John,0,1L9fzw2pXprOqtemTwtxXF,67
Candle In The Wind 1997/Something About The Way You Look Tonight,Elton John,0,5LjSxAIKwyZvQqJ04ZQ0Da,57
Candles,Glee Cast,7,5oICWTlNXn1M3DHMaSk0uq,34
Candy,Doja Cat,8,1VJwtWR6z7SpZRwipI12be,70
Candy,Mandy Moore,4,2YhE6xeWN0R9RVwEOG9lR1,53
Candy,Iggy Pop With Kate Pierson,2,4Qt8eJFVzG92QyDYMTK8YP,1
Candy,Cameo,2,0Aj8EagrPfDoOe5OlUdrLC,59
Candy,The Astors,6,2zCruKarW8FMGbK77z2yh6,16
Candy Apple Red,Bonnie Guitar,9,0i5BCyu9VENjS4Z4ER9JJM,12
"Candy Everybody Wants,10",000 Maniacs,6,32xXojNvbRTQ9qfb3mWR69,43
Candy Girl,New Edition,4,72OrfuJ9RxfLCoqAMeKHCZ,51
Candy Girl,The 4 Seasons,0,4AFLFG6pyvhBLC37FbDwc2,34
Candy Man,Roy Orbison,2,23c4cwGTt6ifXOoO4FlBRK,33
Candy Paint,Post Malone,3,32lItqlMi4LBhb4k0BaSaC,75
Candy Rain,Soul For Real,0,4j1Bk0BEIGCF9hR7cSwl9d,68
Candy Shop,50 Cent Featuring Olivia,0,5D2mYZuzcgjpchVY1pmTPh,80
Candy Sweet,Pat Boone,7,6UM5WX0bgEkcv1CzKWyacv,47
Candy To Me,Eddie Holland,5,4N0VVY1BeWVpllqcwX7mNH,12
Candy's Going Bad,Golden Earring,9,2xX7CqmOYdQhGZJGjJ9m7K,15
Candyman,Christina Aguilera,2,5lUTzPuiloBHm1qEaJcJfF,67
Canned Ham,Norman Greenbaum,4,0wsZ2aWxQsdK85usQ9pMHn,17
Cannibal,Ke$ha,7,3JTMWdhcJPiegDSe7SvZS3,66
Cannonball,Lea Michele,7,0nSr7aFZlWoM4hULnAGTdx,37
Cannonball,The Breeders,4,1KdwPeY1WRWQGHCmRJTveb,64
Cannonball,Supertramp,2,7AW4T7G3e8VsZ8D7jV1hMr,43
Cannonball,Duane Eddy His Twangy Guitar And The Rebels,1,49pnPOIXktLEbyJmM5iMkf,33
Cantaloop (Flip Fantasia),US3,0,2AnTuxahfcAS7dGxGZnihY,47
Canvas Of Life,Minor Detail,9,4vp1ooSVHvf7DDmlSRfpJ4,8
Cap And Gown,Marty Robbins,4,1EZ1vJpdQO6aDuGNYlB2j0,30
Capsize,Frenship & Emily Warren,7,1feebjQLo4D91KPWCYrU3z,50
Captain Hook,Megan Thee Stallion,7,1E3VQQWFQAPJkXfYHjqWoI,66
Captain Howdy,Simon Stokes,8,0RvsuuRfvXWqfqcWnPDXbA,13
Captain Save A Hoe,E-40,9,4ixD6bSwnSlzuBrd2c80vI,66
Capture The Moment,Jay & The Americans,5,78MDHqXnMO2JF6mCEV6T40,2
Capture Your Heart,Blue,8,4SBJeHBgXUTjagjXtMwQvJ,0
Car Wash,Christina Aguilera Featuring Missy Elliott,6,2pbWkjtGtjkzBdZ95GFINm,54
Car Wash,Rose Royce,0,2pbWkjtGtjkzBdZ95GFINm,54
"Cara, Mia",Jay & The Americans,0,6kOGvRl0ie97TShrk210ON,42
Cara-Lin,The Strangeloves,3,4jQAWmK7RTRWaofM5n2NhK,28
Caramel,City High Featuring Eve,1,5dXmPzPDTMWmxmpzxAV1JZ,48
Caramelo,Ozuna x Karol G x Myke Towers,7,2Kb2hpEwsv6u04fgSagfG2,0
Caravan,Santo & Johnny,4,57yV8Rdw1QgeA5jaby7fEC,2
"Caravan Of Love,Isley, Jasper", Isley,5,3qlPinQ9JHrAshoPslCEWY,25
Cardigan,Taylor Swift,0,4R2kfaDFhslZEMJqAFNpdd,86
Cardigan,Don Toliver,8,0Li1OuXXfi7950ilZUFGkF,74
Carefree Highway,Gordon Lightfoot,0,59EupkPF0AA5nu0qDo5FlK,56
Careful,Paramore,7,63L9AjBDN3SOMbJlBkFqiZ,55
Careless Love,Ray Charles,5,5fnlUDWCW3wgoiaCjyfakI,34
Careless Whisper,Wham! Featuring George Michael,0,3znmKJPs3Nmokl598rl8Lz,0
Careless Whisper,Seether,6,46eHxWRKmtYhUHPDRgclt6,64
Carey,Joni Mitchell,9,51hgyay5vROwXrlpZZp5Is,15
Caribbean,Mitchell Torok,2,51OPErNxOFv7Qv0LQKeQZ5,10
Caribbean Blue,Enya,7,31TAub5WKWEsVTJcdksxq7,56
Caribbean Festival,Kool & The Gang,5,4rQmGQb4UTmB2gSXWybOmL,16
Caribbean Queen (No More Love On The Run),Billy Ocean,0,4JEylZNW8SbO4zUyfVrpb7,69
Carlene,Phil Vassar,4,339hc1FygD8oJl4kg24IjG,46
Carmen,Herb Alpert & The Tijuana Brass,5,6dCcjqSwPI2HX5dU5xqTFr,10
Carnival,Natalie Merchant,0,4QXhRjZacZ1gZUeL7Ukktw,51
Carol,Tommy Roe,6,0oJkptRc7sRzp6Fy3lSAib,11
Carol,Chuck Berry,1,41ADUIxv4MkkWi7kgaZMrH,44
Carolina,Parmalee,3,7JKUEuxOW5NNieEjoW59sH,55
Carolina Day,Livingston Taylor,9,5uggkxEBEH2X3sEMKponuF,29
Carolina In My Mind,James Taylor,6,2T5Ch09nefwckOu5NQvjIk,65
Carolina In My Mind,Crystal Mansion Featuring Johnny Caswell,7,4huc0kIoEzrT3VP10BTtTa,2
Carolina In The Pines,Michael Murphey,2,2g0UxGKTbWUADLD2Vg0FTy,30
Caroline,Amine,1,5hTpBe8h35rJ67eAWHQsJx,72
"Caroline, No",Brian Wilson,3,45RvzLqo8e2rqGPGQRFbFm,18
Carolyn,Merle Haggard And The Strangers,5,6d2OuN0MzSEn7LB9BHnekK,14
Carousel,Travis Scott,2,7KZ5MMVgBVox9ycroB2UrI,66
Carpet Man,The 5th Dimension,2,4IczsxZ1awz0oGV1i1mpND,17
Carrie,Cliff Richard,3,38lEuRvNTtLd3Bn0WFNPTn,22
Carrie,Europe,0,29wJiSQcze8HEmxkUQykyp,70
Carrie's Gone,LeRoux,8,5H1MqCrr2ERtMHLMAFdNUB,11
Carrie-Anne,The Hollies,0,4vDJqsXuvoVSbHwfjQVrFp,36
Carry Me,David Crosby/Graham Nash,5,57ZIrxCXkmZ82u3pLZfKwv,27
Carry Me Back,The Rascals,2,5HOA2Vu2Su13uijEv7krb0,10
"Carry Me, Carrie",Dr. Hook And The Medicine Show,7,3Zkhj0vHGVfbFwQOfJt3sy,32
Carry On,XXXTENTACION,9,2yZax79pOrYuyIFVW2cZY2,74
Carry On,fun.,1,7gpy7sfWPNuOKmUNs3XQYE,59
Carry On Wayward Son,Kansas,1,4DMKwE2E2iYDKY01C335Uw,75
Carry Out,Timbaland Featuring Justin Timberlake,1,2DHc2e5bBn4UzY0ENVFrUl,69
Cars,Gary Numan,0,4QQEzkxcONBthDLfzqIh9S,62
Cars With The Boom,L'Trimm,5,7AOU7oaKRWHm5SG6IFVvtJ,34
Carter Son,YoungBoy Never Broke Again,6,0QVvkAOstRG26pVYN95CeL,55
Casanova,Levert,0,1O7hDH3rrF8eyLxrpeoOfb,54
Case Of The Ex (Whatcha Gonna Do),Mya,0,1ak0S3NhwWrUgNlQhJ1412,57
Case Of You,Frank Stallone,6,3yybRgXHBSFdFS9arnJhWo,2
Cash Me Outside (#CashMeOutside),DJ Suede The Remix God,7,1r6cyaW7yMykwSyxTuwcuM,32
Cash Shit,Megan Thee Stallion Featuring DaBaby,3,2rMAtCaTj16NptyVfEIeAC,65
Cashin' Out,Ca$h Out,3,1POAx4NMLOBPVKZUSsBh92,58
Casino Royale,Herb Alpert & The Tijuana Brass,2,77HqCmyz6AVDF8sP6TE1dk,39
Casonova (Your Playing Days Are Over),Ruby Andrews,5,6eZJUryN1ksA3X9qpXMVZd,0
Casper,TakeOff,9,1B4gJRq61xTs6r1O0Uq2iY,70
Cast Your Fate To The Wind,Shelby Flint,6,2b9e6tO9HYGTg0WaHw3X3p,14
Cast Your Fate To The Wind,Steve Alaimo,8,5GdwLTL56R7pPfx6sKoBCL,0
Cast Your Fate To The Wind,Sounds Orchestral,0,38KTIenSEnoGNGLUrYdFLV,33
Cast Your Fate To The Wind,Vince Guaraldi Trio,2,2Uyv4IymecQUPjKchJKC3R,37
Castaway,Zac Brown Band,9,5sRHIWY7oREZYxTSbRybna,59
Castin' My Spell,The Johnny Otis Show,5,314daYWDtEZ9kFYY76PUn3,27
Castle On The Hill,Ed Sheeran,0,34nXhR2FjJMGI7N9vNF2PI,2
Castles In The Air,Don McLean,3,5RSeCwyPtZckl0GNNj7Rv5,52
Castles In The Sand,Little Stevie Wonder,5,7H44fHdgforQJiYp1dSsH6,16
Castles In The Sky,Ian Van Dahl Featuring Marsha,9,3KhoIbIPMmoGthbBAPxgOK,58
Cat Daddy,Rej3ctz,9,1N4jhCFeE0hrZGYfpJsSAF,44
Cat People (Putting Out Fire),David Bowie,6,0JclT9mkYAgOlXFu4loVH4,40
Cat Scratch Fever,Ted Nugent,2,0SvfyHYDp2uIsHt53LDlI9,55
Cat's Eye In The Window,Tommy James,8,22JYr8Yqm81MfSi6651ioV,1
Cat's In The Cradle,Ugly Kid Joe,0,5x9RZg7HfXGY3JayXL3seF,67
Cat's In The Cradle,Harry Chapin,0,2obblQ6tcePeOEVJV6nEGD,65
Catch,Brett Young,2,53cGGBxGPaRjP0HVUESyW5,63
Catch Me,Demi Lovato,8,7eM88DF4yL4hpNnB6oJLnD,48
Catch Me I'm Falling,Real Life,3,3Guz2ytmxqThnnJGHwXviA,38
Catch My Breath,Kelly Clarkson,1,5qxPabNDnJQ551Tf4v6k3j,54
Catch My Fall,Billy Idol,4,6vrQiNJDkGyKzxlNCQGwNo,46
Catch The Wind,Donovan,2,6aXKbU2QGsOms8UT3eUOg1,60
Catch Us If You Can,The Dave Clark Five,0,7d91GO9HafgZuRUA2NjLTj,38
Catching The Sun,Spyro Gyra,6,60LB0zOW8ZqU9qcBraBntU,37
Cater 2 U,Destiny's Child,1,6uYAPqxP69zfpCbsTHXgiz,61
Caterina,Perry Como,2,3J70UjGR0MbBH0LM9WeQ1I,0
Catfish,Four Tops,7,6tRGxhyqh6ZcKFxPLw1o0N,10
Cathedrals,D.C. LaRue,9,4Sqt5yAIWIu7iG3HCEltX6,29
Cathy's Clown,The Everly Brothers,0,27bw4i8LnECzVlbMZ4kFHw,52
Caught A Lite Sneeze,Tori Amos,5,2k2Nwz0FLUIKl7UyavRhjx,42
Caught In A Dream,Alice Cooper,9,4Q2UbOhGxHwoa3QuLHYQjh,36
Caught In The Game,Survivor,7,7oJha5sW0FFC5zSslt7MUG,29
Caught Out There,Kelis,5,2AStR5xJz4druTF7BrcH5i,0
Caught Their Eyes,JAY-Z Featuring Frank Ocean,6,71oM9w2BbJxzTpxzWIE0lw,57
Caught Up,Usher,0,5zdUc1JRCImBYcDWgvFNpE,64
Caught Up In The Rapture,Anita Baker,3,5ygOH8xQGicxuxa43vSWwd,53
Caught Up In You,38 Special,0,3jYRpwbctfqB77uU7T7K3U,64
Causing A Commotion,Madonna,0,3sX3c6QUPSAiKf77RZRf5B,47
Cecilia,Times Two,7,1MSM3Fo2fvnwVqMcz8Jhjq,59
Cecilia,Simon & Garfunkel,0,6QhXQOpyYvbpdbyjgAqKdY,73
Cecilia And The Satellite,Andrew McMahon In The Wilderness,9,1MSM3Fo2fvnwVqMcz8Jhjq,59
Celebrate,DJ Khaled Featuring Travis Scott & Post Malone,5,0b6UoVjUzFyZNpHI0aAhKt,56
Celebrate,Three Dog Night,1,3uQyGzJkoJ4N0rBVuCCuOB,32
Celebrate Youth,Rick Springfield,2,2r3KsOSz0BvLkzsGUy5YdV,38
"Celebration,Game Featuring Chris Brown, Tyga", Wiz Khalifa & Lil Wayne,8,3DpqHuPTyeHWEp3lN8G0oq,52
Celebration,Madonna,7,5HktkLHDbjA6LTyRTBEzHy,53
Celebration,Kool & The Gang,0,3K7Q9PHUWPTaknlbFPThn2,71
Celebration,Tommy James,9,6YM2cQt27UphbkvlJAdP8G,0
Celebration Station,Lil Uzi Vert,3,25B5fGr9K0VdZJiRFsnMO4,59
Celebration/Take Your Chance,Fun Factory,8,22o7oKsDKs8aBTxJfADhyw,0
Celebrity,Brad Paisley,3,5xr4NKzmwqr0cvRMZr7cFz,41
Celebrity Skin,Hole,8,2V4Bc2I962j7acQj1N0PiQ,68
Celia Of The Seals,Donovan,8,28TLBoGYJbncLa3H0K95sc,13
Cell Therapy,Goodie Mob,3,5wvxRlpUTSX9CE52yFZsIY,56
Centerfield,John Fogerty,4,2iRfjwzPsooCskZrrlsgcC,61
Centerfold,The J. Geils Band,0,1ynmMEK1fkyiZ6Z6F3ThEt,71
Centipede,Rebbie Jackson,2,7dox9B92nanss0YuviceR9,32
Centuries,Fall Out Boy,0,04aAxqtGp5pv12UXAg4pkq,80
Certain Things Are Likely,K.T.P.,9,3JzPBkGysOS4qOS5kjeBxb,18
Cerveza,Boots Brown And His Blockbusters,6,3eF1xOxaoeslKjwxrdQ2rD,12
Cerveza,Bert Kaempfert And His Orchestra,7,23oU2Qah7FWLDZBNpKcCac,6
Ch Ch Cherie,The Johnny Average Band Featuring Nikki Wills,5,0yNEKT7EGHUnHZCFfAlM0E,1
Ch-Check It Out,Beastie Boys,6,56H98l4uinRifnTH8e308N,55
Cha-Cha Slide,Mr. C The Slide Man,8,1ilXnmHcD2V6nt0wMXLxLX,6
Chain Gang,Jackie Wilson & Count Basie,8,1sK10Me7qS9em2QTx6dYRe,46
Chain Gang,Sam Cooke,0,7v1858htfU0srTDwhxeka8,53
Chain Gang Medley,Jim Croce,6,0I4NBICw3ljkcXuzYTAsTj,34
Chain Hang Low,Jibbs,0,0tYPj0NYa7vjlJaqlRSnJb,57
Chain Of Fools,Little Caesar,8,5EimBXIpSxuVaGXz6m5Tif,31
Chain Of Fools,Aretha Franklin,0,2oZmMp5M6L0Rh7G84Um2tF,64
Chain Of Fools (Part 1),Jimmy Smith,9,2oZmMp5M6L0Rh7G84Um2tF,64
Chain Reaction,Diana Ross,6,3N3UmpRUvoZQrUREMen54e,47
Chained,Marvin Gaye,3,0jMryMUSRY0Tn60X0vFric,27
Chained And Bound,Otis Redding,6,238ZGKkO8JJZU59jrfaOvx,33
Chained To The Rhythm,Katy Perry Featuring Skip Marley,0,7qvxFz3JodM0A7xEM7k3YD,70
Chains,Nick Jonas,1,5Eg4TsPcqNbIjd8ADMZosg,59
Chains,Tina Arena,3,397sjadktaQXJbur7QFdNO,48
Chains,The Cookies,1,0CqpMZwNcf0Ot7npK6dK0U,18
Chains And Things,B.B. King,4,5x7Oxaa9EEIx9nw17CC5yW,56
Chains Around My Heart,Richard Marx,4,04RhEX12gZhGanoLLe75sM,36
Chains Of Love,Erasure,1,1I0qu4PsBjAHfJHy9wy5AA,50
Chains Of Love,The Drifters,8,37ycGnhGIt9nxYntGDXfg6,4
Chains Of Love,Bobby Bland,5,3ab48EWVWFiCCI9glmD3pe,23
Chainsaw,The Band Perry,8,6BstspHAG1DuMebrQJWPJY,44
Chairman Of The Board,Chairman Of The Board,4,5VKismwCpM4mhcMr8EsoDg,38
Chameleon,Herbie Hancock,4,4Ce66JznW8QbeyTdSzdGwR,53
Champagne Jam,Atlanta Rhythm Section,4,79uswZ7pqbHIqERDFqBDjS,41
Champagne Life,Ne-Yo,7,7p8l7HiPoz90dg423iURKW,49
Champagne Night,Lady A,3,48F2xnWq3LuzYWML327Z2r,55
Champagne Poetry,Drake,0,2HSmyk2qMN8WQjuGhaQgCk,75
Champagne Problems,Taylor Swift,2,0sY6ZUTh4yoctD8VIXz339,79
Champion,NAV Featuring Travis Scott,8,6nO3tr47nr2P7f3hXb8JIo,69
"Champions,Kanye West, Gucci Mane, Big Sean, 2 Chainz, Travi$ Scott, Yo Gotti, Quavo", Desiigner,7,6fMRkr0GbtcAVXCYcVT4h5,0
Championships,Meek Mill,6,5DTOk0tCrmicVQP4mc6hkr,50
Chances,Five For Fighting,8,1MzlQlMCHU4zSyHjVGbMln,54
Chandelier,Sia,0,2s1sdSqGcKxpPr5lCl7jAV,70
Chanel,Frank Ocean,7,6Nle9hKrkL1wQpwNfEkxjh,77
Chanel (Go Get It),Young Thug Featuring Gunna & Lil Baby,7,0kCBorRrKZkSztd9m0QI3r,61
Change,J. Cole,2,3pjUyVbFmM96tYhSaKJwTt,68
Change,Taylor Swift,0,7qEUFOVcxRI19tbT68JcYK,72
Change,John Waite,5,5pW7Ts0vzzutazWidDWl88,23
Change,Lisa Stansfield,2,1GrCYvkH2DeuXTptRKUFw6,48
Change,Tears For Fears,7,2JhIaeltCDCcp02K936tgx,55
Change Clothes,JAY-Z,0,1xE7osYAtzz1PvLoVdOp5E,50
Change Lanes,Kevin Gates,6,59XHPyb0MTMElZpkG0Wp69,50
Change Locations,Drake & Future,8,4gowy3WT6D1yhMLgRBlf9C,56
Change Me,Justin Bieber,5,5cn4RhNZPPjt0onhqUMEfa,48
Change Me,Ruben Studdard,9,4j9Y9TzpmUE21e91R5DT7k,36
Change My Mind,Meghan Linsey,9,1owHFKK6bWtYYf5V8bD1JR,6
Change Of Heart,Eric Carmen,1,3STjByGTUmCTxfmWShd7p6,32
Change Of Heart,Cyndi Lauper,0,4Kvz5bhHNYPSaGnQ7PsTBi,46
Change Of Heart,Tom Petty And The Heartbreakers,2,0jVm8tMbpsDN7goNU6NyzL,36
Change Of Heart,Dennis Yost And The Classics IV,4,09W94l8I09xXi8QRzsXXjL,4
Change Partners,Stephen Stills,4,72uu4NWtcJhbcfUyxZfiwG,32
"Change The Game,Jay-Z", Beanie Sigel And Memphis Bleek,8,6k591qeXA6NpvVb8m93q4f,30
Change The World,Eric Clapton,0,5Ds0VGkTSQ1jf4KzLUpZPb,66
Change With The Times,Van Mccoy,4,3gr3lh40Ihp7R4BrTzTDfr,8
Change Your Life,Kehlani Featuring Jhene Aiko,7,1YqXXJDSlDHrp66g9as4uo,55
Change Your Mind,Sister Hazel,5,3PuoEoC2QYXUJPk1DObFsU,44
Changed,Rascal Flatts,7,7ClZTubD4KudpEuBysLMUI,41
Changed It,Nicki Minaj & Lil Wayne,7,63NTlJWNS65JjsE3QJYr20,43
Changes,XXXTENTACION,1,7AFASza1mXqntmGtbxXprO,78
Changes,2Pac,3,1ofhfV90EnYhEr7Un2fWiv,74
Changes,David Bowie,4,0LrwgdLsFaWh9VXIjBRe8t,69
Changes,Loggins & Messina,8,7nUoI3yZmghdrSyjfqI4qn,19
Changes,Crispian St. Peters,5,7rh95hfK1OEgDL6gD3nqVw,17
"Changes In Latitudes, Changes In Attitudes",Jimmy Buffett,3,5nIqitaV7WyyuM3KVUju1G,56
Chantaje,Shakira Featuring Maluma,5,6mICuAdrwEjh6Y6lroV2Kg,77
Chante's Got A Man,Chante Moore,0,6v4UCusR4LTRlM5WHBUyxQ,38
Chantilly Lace,Jerry Lee Lewis,4,0o218zC3mFf0zqyiCR19We,40
Chantilly Lace,Big Bopper,0,07GtDOCxmye5KDWsTSACPk,56
Chapel By The Sea,Billy Vaughn And His Orchestra,6,6j3N3u0uHDGrfqCrTNc1Uu,48
Chapel In The Moonlight,The Bachelors,3,0IR0Gxgnn4zHeNlrqY8iVp,19
Chapel Of Dreams,The Dubs,7,3HgV08D7OOay214URalpnZ,33
Chapel Of Love,The Dixie Cups,0,7vVG9xbmNQrtdSPTi7KDUm,60
Charade,Henry Mancini And His Orchestra,3,0G0SPViSDa3ajAkzna1bZD,31
Charade,Sammy Kaye And His Orchestra,3,7koSXhqV3Ho3CNAKFchRsw,30
Charade,Andy Williams,9,3azU0Fuj6UxRF6Wp5WZGav,29
Charged Up,Drake,7,4pc01CAhGKx15PY23uPjHp,45
Chariot,Gavin DeGraw,2,4dygMGhvfENVhwRXmAscbl,54
Chariot Rock,The Champs,5,6XryacCjlrgV6EXlQbEJRx,12
Chariots Of Fire - Titles,Vangelis,0,2ZvD3z165wOLZfoZjRHg6x,2
Charity Ball,Fanny,3,0MVGKQzBJkVho0eSvfmxs2,12
Charlena,The Sevilles,8,7vcJkzUTxuGvrs14PM6qSY,7
Charlene,Anthony Hamilton,1,0xiuSFBOEHWaJ6rSuUbJWc,59
Charlie Brown,The Coasters,0,6t83zAQg9Efca1u1DPL930,48
Charlie Last Name: Wilson,Charlie Wilson,6,6UZqMYYQQThvV55IQPvscO,54
Charm The Snake,Christopher Cross,6,4kKW5osqTHy5YS2fTvvVN6,12
Charmer,Tim Moore,9,778BoUKMf0vdF4gZUh2ZDO,6
Charms,Bobby Vee,1,3BZ5MPUF2BjEXpQBmKrL3w,14
Chase,Giorgio Moroder,3,3CgonfeyRh23O9F4aKiIbW,50
Chase The Clouds Away,Chuck Mangione,9,2q82JCEyg3G61cEIXk1nqN,32
Chasin' The Wind,Chicago,3,5MhKJbDDBve7H2UMSpAhKo,19
Chasin' You,Morgan Wallen,1,5MwynWK9s4hlyKHqhkNn4A,81
Chasing After You,Ryan Hurd With Maren Morris,2,1ZIKpMTRPqhwAoVXWY3tXI,67
Chasing Cars,Snow Patrol,0,5hnyJvgoWiQUYZttV4wXy6,80
Chasing Pavements,Adele,2,56pHllZT7QOacB0bP56ofx,71
Chasing The Sun,The Wanted,4,4b4c0oH7PtrPsI86drzgFs,68
Chasing The Sun,Hilary Duff,7,0xQ0oEwkMxLcuHEWFc7qwX,33
Chattahoochee,Alan Jackson,4,59kHPbwyyCApYA8RQQEuXm,72
Chattanooga Choo Choo,Tuxedo Junction,3,5zt4lrHyA7g54mARhrTyuJ,0
Chattanooga Choo Choo,Harpers Bizarre,4,0Yi33sItO0TVjIiD5hCrGe,26
Chattanooga Choo Choo,Floyd Cramer,3,4OuL5STprD6xGnjIhMDpdh,34
Chattanooga Choo Choo,Ernie Fields & Orch.,5,7a5VuzvBrtbqYT7kNlQlFd,43
Chattanooga Shoe Shine Boy,Freddy Cannon,3,2Wg92bsfweigVksgH5FtkJ,6
Cheap Sunglasses,ZZ Top,8,23GKaCeOwUt6MQyCwi4M26,41
Cheap Thrills,Sia Featuring Sean Paul,0,3jJ87Vmc2crgFweesjENrq,0
Cheaper To Keep Her,Johnnie Taylor,1,0Akg4heLnMXjtM6q8g0YbW,33
Cheated (To All The Girls),Wyclef Jean Featuring Queen Pen & The Product,6,407OEIO5ny4JZA3OFZGD3p,5
Cheatin',Sara Evans,6,4xNEF6tGOHGcsvJ5r8hOJ0,29
Check,Young Thug,9,1jk9c0gZI0wbn5GvAj7PBV,64
Check It Out,will.i.am & Nicki Minaj,2,1P8yI1DFNGGchOZ6yMmPOe,0
Check It Out,John Mellencamp,1,2PZFLJLct6yrvBcCNEkAw0,52
Check It Out,Bobby Womack,9,2lbONRwi3VOUCLqD97yhzJ,17
Check It Out,Tavares,3,6xVlUvRcJ77ao4E1bvejdY,29
Check My Brain,Alice In Chains,9,0Fl8ciGpmcUezzgaSKvysd,60
Check On It,Beyonce Featuring Slim Thug,0,2RWxrpsFshOBFwRBRstUlQ,59
Check Out Your Mind,The Impressions,2,112ofK4eq7gS0gRqNNxQMM,20
Check Yes Juliet (Run Baby Run),WE the Kings,6,0wVluBsVAVzBKrqspuCcwR,69
Check Yo Self,Ice Cube Featuring Das EFX,1,3NGT0Td7H4Is1qrlDQJxma,71
Check Yourself,I.A.P. Co. (the Italian Asphalt & Pavement Company),9,33P1B5FmIo5NkEc78myL6e,27
Cheer,Potliquor,6,3UHSbjTOdqvqdLV0asr7HC,4
Cheerleader,OMI,0,023OVLNzXhX0j7CxswUt6D,67
Cheers (Drink To That),Rihanna,0,46MDLc0Yip6xCMSsdePOAU,52
Cheers 2 U,Playa,3,3LbKnvAXxKptTqoUYkMmQP,47
Cheeseburger In Paradise,Jimmy Buffett,3,6VeZ970uI0Yi6sjBgyFBrp,55
Chelsea Morning,Judy Collins,7,246K5vQofQkfzDqU4ms8Bu,19
Chemicals React,Aly & AJ,4,7vOjTY220BqIttYDbwshED,44
Cherchez LaGhost,Ghostface Killah,9,5vKPSbwck6yojUAZIHTsFj,40
Cherish,Madonna,0,7BLKBIoijWCkDyOATEr5vW,50
Cherish,Kool & The Gang,0,2yCAGizViD7HZXwNYxJToQ,65
Cherish,The Association,0,7uGeDI6nJEdUYMsMd7mQyl,50
Cherish,David Cassidy,0,4a3mIp7Mrmom2SXd3S81m7,35
Cherish What Is Dear To You (While It's Near to You),Freda Payne,4,0YgoNapnyIXuruBrzvoCSu,42
Cheri√©,Bobby Rydell,5,10WBKR8tDk416oDMm6wshS,49
Cherokee,Europe,7,2Gah9qQMVdxCZJllU9HmnZ,49
Cherry,Harry Styles,8,2IOFZdYYkFxEHVz1w34PoL,73
Cherry Baby,Starz,3,6LZVAsCB1OEjue9kjZwdyl,22
Cherry Berry Wine,Charlie Mccoy,9,0mpPDlOODLemmTf4mBEHqE,52
Cherry Bomb,John Mellencamp,0,43oPpqzWPSZmeiwYicmzjG,61
Cherry Hill Park,Billy Joe Royal,1,2u0kV66s6u9OAVP6PtBf2f,31
Cherry Pie,Warrant,0,18ESXa5mEm1V4Pkt5GSXWx,63
Cherry Pie,Skip And Flip,1,3ManMR2GV4W6xD9KQnDZHe,21
Cherry Pink And Apple Blossom White,Jerry Murad's Harmonicats,5,1UgcqiEhnU4BdRjwQpT76e,35
"Cherry, Cherry",Neil Diamond,0,2SS3WeSe24ZqTlTSK4KzQZ,57
Cherrystone,Addrisi Brothers,6,0KZfDnUWPFIHWUZwI1I9sR,54
Cheryl Moana Marie,John Rowles,6,1hGbQq5Exj9upkKBHKCiuz,1
Chevy Van,Sammy Johns,0,31S6oGx81hVIjWz6cu5oNw,50
Chewy Chewy,Ohio Express,1,1CgEzRUP0Y6XkdOM3CSygW,29
Cheyenne,Jason Derulo,6,3EofjRgUI1WrzqqtLb8NoF,50
Chicago,Graham Nash,3,4wBi9ogKThsbFUvVJxjhK2,42
Chicago Freestyle,Drake Featuring Giveon,1,75VJBp3JE7W3oKoFeq1esH,48
Chick-A-Boom (Don't Ya Jes' Love It),Daddy Dewdrop,0,7JjuJmhlgOXYcsTP2MXZpC,27
Chicken Feed,Bent Fabric and His Piano,6,6xviD33Mf4CInD5pnfIKJL,31
Chicken Fried,Zac Brown Band,1,0LQtEJt7x0s6knb6RKdRYc,77
Chicken Noodle Soup,j-hope Featuring Becky G.,8,2y6Ty2NPAsP84XJAtzLxuk,69
Chicken Noodle Soup.,Webstar & Young B Featuring The Voice Of Harlem,4,6PGrYbKY6I0LnKmAseNBO2,37
Chicken Strut,The Meters,4,5uKJvTRphvrXIIFgxgMWNI,30
Chicken Tendies,Clinton Kane,8,0awuNCj9gwJEM0seER22DW,65
Chickenhead,Project Pat,8,2rOiZGbR0wwI0ip0wSAK26,57
Chicks Dig It,Chris Cagle,5,0nprj2O0teCglthuhzTG5o,58
Chico And The Man,Jose Feliciano,9,4Puh1EWgRBeY3J5bpdqEVv,23
Chief Rocka,Lords Of The Underground,5,34MRi5GRWHFUa731JBxFEl,58
Child Of Clay,Jimmie Rodgers,3,6qUlJiUDeJRwxCrHngPHXe,9
Child Of God,Bobby Darin,9,6fVssKMWZYFbiGEB8fvXWJ,3
Child Of Our Times,Barry McGuire,7,5HJnOT6VvsNBavSns65UaX,4
Children,Justin Bieber,7,7sK3nu6yk8urQ44ouEB7Au,54
Children,Robert Miles,2,4wtR6HB3XekEengMX17cpc,69
Children,Joe South,5,3NcbI0iX8VQyR9D3qsmNjl,10
Children Of The Night,Richard Marx,1,7i3MW2pQNOvKIZbNIlCZLy,33
Children Of The Sun,Billy Thorpe,4,5iiadi85b2MArbziJVTsEv,40
Childs Play,Drake,4,3NxAG2ni1lLa8RKL6a0INc,68
Chill Bill,Rob $tone Featuring J. Davi$ & Spooks,2,5uDASfU19gDxSjW8cnCaBp,76
Chillin,Wale Featuring Lady Gaga,9,2PIvq4XTBHMSQ2COd8qDkD,0
Chillin' It,Cole Swindell,2,0Utg7sirTPqrs6Cx0FbriQ,63
"Chillin' Like A Villain,Sofia Carson, Cameron Boyce", Booboo Stewart & Mitchell Hope,9,1rM0CnyUiiw6A9CHJRXjZA,63
Chills And Fever,Ronnie Love And His Orchestra,7,2W9rHNBL5DYZQkUyYnIg6H,22
"Chim, Chim, Cheree",The New Christy Minstrels,8,3XJirVPnhqVaUN9gjUU6cB,0
"China,Anuel AA, Daddy Yankee, Karol G", Ozuna & J Balvin,4,55lL9Spojc3HUhqQlxdjvd,3
China,Red Rockers,5,2ws33FRyUcuvDnNgz5VfwZ,32
China Doll,The Ames Brothers,3,21kEWkEejQyTK5nyix4hzt,43
China Girl,David Bowie,0,5Ei9o2fHEnfHb84YrPuz4v,61
China Grove,The Doobie Brothers,1,7cy1bEJV6FCtDaYpsk8aG6,65
China Nights (Shina No Yoru),Kyu Sakamoto,5,6jyE2LciXj2WjosvrEQwPT,17
Chinese Checkers,Booker T. & The MG's,7,73U40I3EmKz8Wh6PJaihJ0,38
Chinese Democracy,Guns N' Roses,3,0zoK1L5JxJbyk7T2nw367B,53
Chinese Food,Alison Gold,2,7osM2RfjqOyLt1p3R18kg9,32
Chinese Kung Fu,Banzaii,9,7eGAQnxbIHHFtS1p9rmAZ0,57
Ching-A-Ling,Missy Elliott,5,5pIe30YP5dxnPPBv05KI9q,1
Chip Away The Stone,Aerosmith,7,35pqMny3k7bGUzJiUCgZ0H,42
Chip Chip,Gene McDaniels,0,1OpLpcfXXLkd5mKdKd08Nt,26
Chip Off The Old Block,Eddy Arnold,9,6drEsDrLJEeRJwGwgPgmJU,45
Chiquitita,ABBA,2,762B4bOcXF7I2Y8UlKTyTy,73
Chirpy Chirpy Cheep Cheep,Mac And Katie Kissoon,1,7m6QgZFpK9HDRfxNStLVGF,28
"Chirpy Chirpy, Cheep Cheep",Lally Stott,9,1cjYtL6yMFDLyZYn9bDkGo,55
Chitty Chitty Bang Bang,Paul Mauriat,7,7pLCx72zQyAu2x0l59bsTM,40
Chloe,Elton John,3,231kvu5STQGcqzuRDX9S9C,21
Chloe (You're The One I Want),Emblem3,9,036GQb6SETOJJG8BxJTNxc,51
Chocolate,The 1975,7,44Ljlpy44mHvLJxcYUvTK0,64
Chocolate Chip,Isaac Hayes,9,7r7JuesiDBreU6bw8VwsBY,13
Chocolate City,Parliament,9,0tkokbqEygQIxlQ8oap3KN,27
Choice Of Colors,The Impressions,2,28tgHkgZoBWHsmbzmI41Yt,29
Choo Choo Mama,Ten Years After,8,4IfoAXhPg5aD4fmNOAy8rl,35
Choo Choo Train,The Box Tops,2,6goPukKEL71RzfbSuNdU8j,34
Choose,Color Me Badd,2,0E0TlFKdsgjCVtKJqqw3GK,31
Chop Suey,System Of A Down,7,2DlHlPMa4M17kufBvI2lEN,83
Choppa Style,Choppa Featuring Master P,9,2ohf5urBpT8bieYr8kq3kt,45
Chopped 'N' Skrewed,T-Pain Featuring Ludacris,2,4XMedbCgTdpJ354PDIoFp9,46
Chorus,Erasure,8,6gGie940lliTLLt85tZPp7,36
Chosen,Blxst & Tyga Featuring Ty Dolla $ign,5,1dIWPXMX4kRHj6Dt2DStUQ,74
Christine Sixteen,KISS,2,3Ms6wIwW1f3DVk563ucHP3,36
Christmas (Baby Please Come Home),Darlene Love,1,46pF1zFimM582ss1PrMy68,53
Christmas Auld Lang Syne,Bobby Darin,5,5UHxEcSaG7vwVOSZlM16Dc,5
Christmas Dream,Perry Como,9,1PrhnQxWAVYikCHcieRQiy,41
Christmas For Cowboys,John Denver,5,2Vz7dxumR69mm3Bcq74x4K,25
Christmas Lights,Coldplay,2,4fzyvSu73BhGvi96p2zwjL,57
Christmas Song (Chestnuts Roasting On An Open Fire),Justin Bieber Featuring Usher,5,3eYnKe0LhQA1B5HEkQaRTP,49
Christmas Tree Farm,Taylor Swift,5,2mvabkN1i2gLnGAPUVdwek,60
Chrome,Trace Adkins,7,26ycbqowYZ01xEqdtfr0EW,37
Chrome Heart Tags,Lil Uzi Vert,4,46mT9NR7N9Zf5MolcrBgE3,56
Chuck E.'s In Love,Rickie Lee Jones,0,3F1MiFu5a1Y3Z9dQZhLTAo,49
Chug-A-Lug,Roger Miller,0,0mD2pnYVF8DB3oqtY5KM8h,48
Chun-Li,Nicki Minaj,0,1e4rwBPVI32vZtTJu7mJ4J,71
Church,Bob Welch,7,3KIkeBAeZrW2u6douK9V3c,8
Church Bells,Carrie Underwood,4,67citk3uzWs5qbaIVKTeg8,67
Church Of The Poison Mind,Culture Club,0,2DEEMhTiUMvkiHFdXkrKfI,49
Church Of Your Heart,Roxette,3,6broBHB7ObAA2BhzLT2nlX,21
Church Street Soul Revival,Tommy James,6,7MyVp7sr63GlxXXGswRDzQ,3
"Ciao, Ciao Bambina",Jacky Noguez And His Musette Orchestra,2,43HyffPYoZ9BuR0ynaF6kE,46
Cigarettes And Coffee Blues,Marty Robbins,9,2swYtnyHHVRdiWvNvXWBsp,37
Cimarron (Roll On),Billy Vaughn And His Orchestra,4,6j3N3u0uHDGrfqCrTNc1Uu,48
Cinderella,Firefall,3,6nwlPs3mgpHYUJJ0ETPIXP,48
Cinderella,The Four Preps,6,2pgFEUd7qK8fVyASICkglU,11
Cinderella,Jack Ross,1,1hQQiXHwLR53KNGkRijvwc,44
Cinderella,Paul Anka,6,40hXwATZJS2voIn45UNRkQ,21
Cinderella Rockefella,Esther & Abi Ofarim,6,3uzei5pnh4Cbtz207FKjPT,2
Cinderella Story,A Boogie Wit da Hoodie,9,18AIesWCXvIbXu8RqQw1E1,51
Cinderella Sunshine,Paul Revere & The Raiders Featuring Mark Lindsay,5,3gKwVWwKmeuFtPubICbOGc,58
Cindy Incidentally,Faces,4,3w0ZmyR5gMRPZvqQA3p2G2,46
Cindy's Birthday,Johnny Crawford,0,3Id8znxIUtTYNhZsak8Unb,32
Cindy's Gonna Cry,Johnny Crawford,7,1nFwdOtgSlwlauOjoWX5qv,41
Cinnamon,Derek,1,5D8GyDQid3v34iPeIHcfS4,20
Cinnamon Girl,The Gentrys,5,05U8o2KiqF8KmOx2sN7qFO,27
Cinnamon Girl,Neil Young & Crazy Horse,5,6psja8pAj0q7mt0sErTPt6,11
Circle,Marques Houston,7,4awnQTwynhz0j6Rk2ZwM6A,48
Circle,Edie Brickell & New Bohemians,4,3ykCBUy37D9J4jHhQid7l1,52
Circle In The Sand,Belinda Carlisle,0,3eZTZlnRc8pMe5K1ClzXU2,41
Circle Of Love,The Steve Miller Band,5,07Kd5qsOIjgUIitcgYOKri,34
Circle The Drain,Katy Perry,5,7s0YfJE6hNNYq9BV26iCw6,45
Circles,Mac Miller,4,4jXl6VtkFFKIt3ycUQc5LT,69
Circles,Post Malone,0,21jGcNKet2qwijlDFuPiPb,86
Circles,Megan Thee Stallion,9,08TILUAN56HJoS1d9mNRty,55
Circles,Atlantic Starr,3,0A0FA2vT0sYndjg1GFFXz4,27
Circles,The New Seekers,8,30beYClWP1yJtHZ8ZGHGmm,7
Circus,Britney Spears,0,7jk7gqyEonmVVYahZN5zhW,75
Cissy Strut,The Meters,2,0WSlOSMLJWoWUpWci9nnRb,64
Citizen/Soldier,3 Doors Down,9,7fKsaiVDwKe6VVsiGk48YG,54
City In The Sky,The Staple Singers,7,0CqQnocOXNGk2cKSEE0vJf,21
City Lights,Ivory Joe Hunter,9,6M8T6sKR02fUJPgWHxXuGS,35
City Lights,Ray Price,7,62RfCZpT2zfBHRXD8yp2WV,34
City Lights,Debbie Reynolds,5,4yLBMZrf44kLJh808FpI3c,1
Clair,Gilbert O'Sullivan,0,1lYJDRaadnotdfcZFp5Izd,45
Clap Back,Ja Rule,4,1FK0sZfZzCAIDUn7htCemp,60
Clap For The Wolfman,The Guess Who,0,6YLWRvxvC4VbFTuNRHeaDU,39
Clap Your Hands,The Beau-Marks,4,5KaJHgTXG5GIkYB5Pjh1cf,18
Clarity,Zedd Featuring Foxes,0,60wwxj6Dd9NJlirf84wr2c,75
Class Reunion (That Used To Be Us),Lonestar,9,35YiIUIo3a5f0qk0xhHgx9,21
Classic,MKTO,1,6FE2iI43OZnszFLuLtvvmg,80
Classical Gas,Mason Williams,0,4DK3JpX2NkEMhCnltUEvUg,52
Clean Up Woman,Betty Wright,0,6uqTETWok9npbL4c9cuLVh,57
Clean Up Your Own Back Yard,Elvis Presley,3,16bbWBEybcItsPgY29J2oN,0
Cleanin' Out My Closet,Eminem,0,7BMO7O7ImjV8HNTH74Tshv,74
Cleanin' Up The Town,Bus Boys,6,0Uuiri0IOIQVhy5f4PIPnr,39
Cleaning This Gun (Come On In Boy),Rodney Atkins,3,292hQrFkBjVmbHRqGVqBta,54
Clear Da Air,Moneybagg Yo,9,6YkP0P7VPAENzoRjy8ojV2,46
Clementine,Bobby Darin,2,1KMmccrzgzvGbIAdKBQBjb,37
Clementine,Jan & Dean,6,6EnF7FEhrviOT1BNFbgBiH,1
Cleo's Back,Jr. Walker & The All Stars,4,36KON6U3VemwLFa64zD0xu,30
Cleo's Mood,Jr. Walker & The All Stars,4,5yLnjVsX3B5QAuwtbAnYhf,37
Cleopatra's Cat,Spin Doctors,8,2XIqE0nhuX3GW8R45m7qEa,31
Cleopatra's Theme,Cleopatra,2,19udLuHd7CD8XxrOmUaXPn,34
Climax,Usher,1,5pyVqlqThcxI7tPDjHIzPh,61
Climb Ev'ry Mountain,Tony Bennett,7,3zeTHjRg21dMPBzAUW3Vve,7
Climb Every Mountain,Jordan Smith,7,6GtMaEfcLyzwfglzSlqzyX,23
Climb Every Mountain,The Hesitations,8,1mwXFS7WvJlYTORd0e17SV,26
Clinging Vine,Bobby Vinton,1,7Dtab9QxjMZYupetS5RBhF,3
Clint Eastwood,Gorillaz,5,7yMiX7n9SBvadzox8T5jzT,71
"Clique,Kanye West, Jay-Z", Big Sean,1,3Q5YB9Xg4bigYNjzVgDi2p,0
Clock Strikes,Timbaland & Magoo,3,5oMprV6bNoWtoQ9pqvtCDE,32
Clocks,Coldplay,2,3RypCTSuY4U4Q0mVSgRoIX,0
Clones (We're All),Alice Cooper,3,5ikKQMNDzPRPLTXRWemIAc,39
Close,Rae Sremmurd & Travis Scott,9,1oUudyBYVGMIC8JXeIsFzq,58
Close,Nick Jonas Featuring Tove Lo,1,3lSDIJ2abCrOdDJ6pshUap,68
Close Enough To Perfect,Alabama,6,04u8JJN1TTwFrFkYnLlaPU,44
Close Friends,Lil Baby,2,5nzhL67GpF9szXWg5y509A,74
Close My Eyes Forever,Lita Ford (Duet With Ozzy Osbourne),0,3UtqOJlSjGFIpD7HtOBHKB,0
Close The Door,Teddy Pendergrass,2,53m3UkzcaQVbB2DENsrJiK,56
Close To Cathy,Mike Clifford,1,4EKhJzaAkrlpamL0SDrSw7,12
Close To Me,Ellie Goulding X Diplo Featuring Swae Lee,2,5JEx7HbmvHQQswJCsoo9rA,63
Close To Me,The Cure,9,7ABE6G4uQxbNtYgVrpBBPA,63
Close To You,Fun Factory,4,70DbNpe8D1QnGi92Mo2MK1,45
Close To You,Maxi Priest,0,33I3oS8UkebR3KRvqxD9X0,55
Close To You,B.T. Express,8,6F0lIh4zqlgCZLDAk9BvBL,11
Close Together,Jimmy Reed,6,6lY9BWuAs7clyMCFtVNXoZ,1
Close Your Eyes,Parmalee,6,3Bdqlr7jQLNhITAgcBGQBG,45
Close Your Eyes,Edward Bear,3,0gFxjJvSVHbkvlrA5ErXYv,24
Close Your Eyes,Peaches & Herb,0,774ZoGBhlMSZd7nI2zojbc,34
Closed On Sunday,Kanye West,1,3JWiDGQX2eTlFvKj3Yssj3,62
Closer,The Chainsmokers Featuring Halsey,0,7BKLCZ1jbUBVqRi2FVlTVw,84
Closer,Tegan And Sara,8,4dTVgHZFPlaq9nPbLVVLSG,58
Closer,Ne-Yo,0,2XbfY2O2v3xwedUJ0J2kkr,65
Closer,Remedy,6,7DFSp7iiAvCROOZI4lDx5O,13
Closer,Nine Inch Nails,4,2oDqmfa2g8W893LlwJG1qu,68
Closer Than Friends,Surface,5,0fJaVTWulWUQ8zp5pXabTt,43
Closer To Fine,Indigo Girls,5,7rKyITVLEwldhdXIy7P6Vw,60
Closer To Home (I'm Your Captain),Grand Funk Railroad,2,2XhBBZ3vxsR57OwkNn5hQc,45
Closer To Love,Mat Kearney,9,09b5vch8cDyMN8vYA2lEwk,45
Closer To Me,The Outfield,4,7aoVXo6QZxoDM4fyXJpCDz,34
Closer To The Edge,Thirty Seconds To Mars,9,0UZwcRQAk4QR09HtGRZhYC,59
Closer To The Heart,Rush,6,4u3oXuVeOGoByIMz9pnOKf,62
Closet Freak,Cee-Lo,9,4MyFSB0Fmo9VcYPHNCNI3R,30
Closure,Taylor Swift,8,6a8aUhYbaQBUI8PcJ5ZmQ6,62
Clothes Off!!,Gym Class Heroes,4,6miqdoICzUXCL5UHCuucjK,48
Cloud Nine,Mongo Santamaria,3,7CRJV0qUMAxftqySiPazpK,34
Cloud Nine,The Temptations,0,1A8gqfrso63AC4XVW6DTTw,42
Clouds,NF,5,1mvI5pGoh84IiFSbWxEkGH,70
Clouds,Zach Sobiech,2,1ad6CbExeZneBGswe5YuSD,51
Clouds,David Gates,4,3rV26AtASfi84VwGBtYNgC,37
Cloudy Summer Afternoon (Raindrops),Barry McGuire,6,53V40CQPdQM9GWQzzBVwlk,36
Clout,Offset Featuring Cardi B,3,59ywHNwwchG4nZJMLyxSzd,69
Club At The End Of The Street,Elton John,2,3spWfMlB39jSkstIslYnvG,42
Club Can't Handle Me,Flo Rida Featuring David Guetta,0,4nZ246DJOSM0rKCYrTETnL,0
Club Michelle,Eddie Money,6,2W8cfF08zbVmjdu1dZjkDQ,19
Club Paradise,Drake,8,6MR5IBSNfDmiwnrlQpVw4w,55
Clubbin,Marques Houston Featuring Joe Budden & Pied Piper,3,1UmI1kV6HpC56GtcMtV22b,37
Clueless,Polo G Featuring Pop Smoke & Fivio Foreign,7,4CPcZHzSvIBM8AKhdHUwnL,64
Clumsy,Fergie,0,50xeLNGKmskmYUSINhqvfa,62
Co-Co,The Sweet,9,4oNc2Dhe42VE7d9QAZtxYF,49
CoCo,O.T. Genasis,1,2JI71GHwq2LN8mtq3iCLYo,60
Coal Miner's Daughter,Loretta Lynn,8,3mM14WXoPaLRjjkmxHe99L,60
Cochise,Audioslave,6,1TDk2Jmi4dVZhm2dum3Jim,66
Cocktales,Too $hort,6,6oadMAqfdbOBvGib6lUpn3,46
Coco Jamboo,Mr. President,2,5fRvePkRGdpn2nKacG7I6d,72
Cocomotion,El Coco,4,0LtBwGVuZCK0fy1kyC4A16,30
Coconut,Nilsson,0,4o5GyaeGMgDsrclBsL3au7,55
Coconut Juice,Tyga Featuring Travis McCoy,9,7LCi1or4WBVdh5AwsNdMzS,45
Codeine Dreaming,Kodak Black Featuring Lil Wayne,5,4DTpngLjoHj5gFxEZFeD3J,63
Coffee,Miguel,7,6vMpPxLV0F5Diwcs6awI1Z,60
Coffee Bean,Travis Scott,6,6vnfObZ4Ys70SBAtti1xZ9,69
Coffee Shop,Yung Joc Featuring Gorilla Zoe,7,2RE7NMfZBeUtbyUCVOe3VL,37
Cold,Maroon 5 Featuring Future,1,7gwLQ4tZ5UdZ7qNcDyJ8wr,63
Cold,Crossfade,8,6ZxrUCaynLgKSUudACOTwj,69
Cold As Ice,Foreigner,0,7vidktgNZFQylTgH1GEnMs,71
Cold As You,Luke Combs,3,7IWV29mryrqtO0JVgnPtfv,70
Cold Beer Calling My Name,Jameson Rodgers Featuring Luke Combs,2,67wUHsoXdZ8UOLt6rodpQ9,62
Cold Blooded,Rick James,3,7LHfhusSfulgzuiMg7e3Cz,45
Cold Cold Winter,The Pixies Three,7,79UEgHE04gFuv6S6Vqi07N,7
Cold Day In July,Dixie Chicks,6,2dtitppHZmA0MxLZ3Giq3o,41
Cold Feet,Albert King,6,3nmd5lsusqNE1bhcpHwAOH,25
Cold Hard Bitch,Jet,5,5u6fnmRO5V0PTl5M2Eekeu,62
Cold Heart (PNAU Remix),Elton John & Dua Lipa,1,6zSpb8dQRaw0M1dK8PBwQz,85
Cold Hearted,Paula Abdul,0,6jrp8qBMJO6vhAeYVAsdk9,53
Cold Love,Donna Summer,3,7HANsSmGR59Im7gE6vxxvF,10
Cold One,Eric Church,8,1ffMmNQ42w7dIwyCDTKySb,49
Cold Rock A Party,MC Lyte,1,1iVdwLsbPsKnqUoZOWlEqv,55
Cold Shower,Erin Cruise,8,3LZ0rZ5KptZBkN8njGoFmn,46
Cold Sweat - Part 1,James Brown And The Famous Flames,0,1W1UXenCENmHJUlE3l1wBZ,8
Cold Turkey,Plastic Ono Band,2,5ZRphmQRgSemCv6bzK7895,27
Cold Water,Major Lazer Featuring Justin Bieber & MO,0,2NF1uA6J6jiaCm8WIERTLp,0
Cold Wind Blows,Eminem,7,3Tj1luJyKPQt7WbrqpJ2Az,60
Cold World,Genius/GZA Featuring Inspektah Deck,9,4kxcVF4kEZTQZDlnNfDeur,49
"Cold, Cold Heart",Dinah Washington,9,61PT35m8YfPJL4c6NBtDgL,17
Colder Weather,Zac Brown Band,2,3U8dHeggJ8IBe0UCb1gbyB,71
"Cole, Cooke & Redding",Wilson Pickett,9,6a0k23wrj492S3BQm3iHMK,5
Collard Greens,ScHoolboy Q Featuring Kendrick Lamar,9,0zO8ctW0UiuOefR87OeJOZ,76
Collide,Howie Day,1,6dwkFmLUz6hx2CZG2EqLol,65
Color Him Father,The Winstons,0,4qlk1U68B90hEi37NvCJRK,35
Color My World,Petula Clark,1,4fDmBXsUlXhYt59IkY2tu6,1
Colorado,Danny Holien,6,4WfNqOng3f8T67gFkFL71A,5
Colors,Ice-T,6,7CMww2nlc2THVjJeLOYBrk,40
Colour Of Love,Amber,7,0kIABQT8kRu09MeX81WcZQ,14
Colours,Donovan,6,4aDBO2DBS6XPhnyHhALxYz,49
Come & Get It,Selena Gomez,0,6LoQHIo74tOzQ8EsLEkhgF,73
Come & Go,Juice WRLD x Marshmello,0,2Y0wPrPQBrGhoLn14xRYCG,78
Come & Talk To Me,Jodeci,1,63uR29DnkNPUiorL30cHnj,57
Come A Little Bit Closer,Jay & The Americans,0,252YuUdUaC5OojaBU0H1CP,63
Come A Little Closer,Dierks Bentley,3,6yFD0TSZvxydqGxLNDjZUO,52
Come Again,Damn Yankees,4,6Hfvn9qguufsmHp0uk3y3r,47
Come Along,Maurice Williams & The Zodiacs,8,6JTmMou1uaWE5j5nCymwB4,25
Come An' Get Yourself Some,Leon Haywood,8,2OpH12ThUpDSnc6MEurwZ1,10
Come And Get It,Badfinger,0,0wb21I1NV5uVUolRXIqlJF,53
Come And Get Me,Jackie DeShannon,8,0CdSyRIqzfOirCgtRVcQQY,10
Come And Get These Memories,Martha & The Vandellas,2,5gwvsIrTVL4F76tn9xEhQ3,34
Come And Get With Me,Keith Sweat Featuring Snoop Dogg,1,6IVcP0GyH1xRmqdTiNdjzn,37
Come And Get Your Love,Real McCoy,1,0XVikcHfkoBvJ5ZU8xQBWn,42
Come And Get Your Love,Redbone,0,7GVUmCP00eSsqc4tzj1sDD,74
Come And Get Your Love,Roger Daltrey,6,0XVikcHfkoBvJ5ZU8xQBWn,42
Come And See Me,PARTYNEXTDOOR Featuring Drake,5,6cEguiQecbXrFlsnMi2ysr,73
Come And Stay With Me,Marianne Faithfull,2,1D2VIwDVHzh5n7nkGk0vij,14
Come Around Me,Justin Bieber,8,2o9LAypwGH4ctV0i9boo6d,65
Come As You Are,Nirvana,3,4P5KoWXOxwuobLmHXLMobV,77
Come As You Are,Peter Wolf,1,6RP68fxkCmLlnN8GYP3O3A,33
Come Away To The Water,Maroon 5 Featuring Rozzi Crane,8,3dSQ1bDR2CmLifk0BNQNiU,22
Come Baby Come,K7,1,2b8RCiPb2rtG5AQ1FwyUZX,57
Come Back,Londonbeat,6,1wrb2BWcjHSij6koXArdRg,10
Come Back,The J. Geils Band,3,4SnovfTMzsmOnAfITyPFTP,36
Come Back,The Five Stairsteps,6,7K6KRwyvE0plDEzxrVmCon,26
Come Back,Johnny Mathis,6,62bdT06XDXgSIBf9c8g8IA,6
Come Back,Jimmy Clanton,6,7tUjU3BkY9JcApczsi93P4,4
Come Back And Stay,Paul Young,2,1r3YUTAwY0Y7tyV9Xcgps8,57
Come Back Baby,Roddie Joy,8,52u8H5nSp2a9ma0US5Wiyp,9
Come Back Home,Bobby Goldsboro,6,2Qhvi6R73Zj3cpzRYzcAww,60
Come Back Silly Girl,The Lettermen,1,4QkvXIZGRmR2k7yduFFj9L,21
Come Back Song,Darius Rucker,3,4sHOAALFZiNa4wukjPSBpq,59
Come Back To Earth,Mac Miller,9,01z2fBGB8Hl3Jd3zXe4IXR,74
Come Back To Me,David Cook,6,55r33uTqnLglVMHb1qeWOd,49
Come Back To Me,Vanessa Hudgens,5,0occ3Gxp6ZV5DUmJNuEsQB,49
Come Back To Me,Janet Jackson,0,0NSSqYISjnav81CEn6EgBY,44
Come Back When You Grow Up,Bobby Vee And The Strangers,0,56syoOlt0eFhDd26cPSoee,34
Come Clean,Hilary Duff,3,2TZ1apxMDlubCGMsOxcTbT,60
Come Clean,Jeru The Damaja,8,6wbBrsE2H2pupmnfoVSY6w,47
Come Close To Me,Common Featuring Mary J. Blige,6,2dCD8qq7yHZPZduA8FJazs,49
Come Closer To Me (Acercate Mas),Nat King Cole,4,76AbCflWiJBgByIqFl396O,31
Come Dance With Me,Jay & The Americans,7,2YOlhI4YQ0pWbqv16TA9ia,19
Come Dancing,The Kinks,0,0cTwMCvozZBj8jCq6o27nk,52
Come Get Her,Rae Sremmurd,5,1Ser4X0TKttOvo8bgdytTP,74
Come Get It Bae,Pharrell Williams,2,24MSdaNRlLgjp8xYeJeXwZ,55
Come Get To This,Marvin Gaye,2,4N9DOPhK7km5WnsgVD9GMI,53
Come Give Your Love To Me,Janet Jackson,5,6IyzR0X4glFMP4KEjPKHm9,17
Come Go With Me,Pockets,8,5sbjhxchF1QOgZt7GyOdQ8,26
Come Go With Me,Expose,0,5a3QwvHiJO4fKWJqsPkJvB,45
Come Go With Me,The Beach Boys,1,7unmSSIMgaa1yKsnFnWrAq,32
Come Go With Me,Dion,4,7rr8ZP1Ezup3DKpqLY20bl,30
Come Home,OneRepublic With Sara Bareilles,7,6zGrmt2Ico8vRx8oDemgl6,38
Come Home,Faith Hill,8,7IALMJlkjCSc0brxaQnCbV,15
Come Home,The Dave Clark Five,1,7BNihfYAzfKrZ14N4NziFe,18
Come Home Soon,SHeDAISY,7,5q8WL51d8vXvGSwDdfzgJ0,37
Come Home With Me Baby,Dead Or Alive,6,7xzEdwM3bn9uKULTfsasZR,32
Come In From The Rain,Captain & Tennille,6,0jNFmyoVCCIbiCJaK8tEuJ,24
Come In Out Of The Rain,Wendy Moten,5,0KMZsxJalrqyJSWghlpPmb,52
Come In Stranger,Johnny Cash And The Tennessee Two,8,1nPYfGi4zkUaDIirBvFmG9,18
Come In With The Rain,Taylor Swift,2,1n2wszmJyVkw6FHqyLnQsY,61
Come Inside,Intro,3,1XX4xX9rrdaomm4RxAJjZW,39
Come Into My Heart,Lloyd Price and His Orchestra,1,7JI1MoBWRQAZFTL5FxrQla,49
Come Into My Life,Jimmy Cliff,8,0Gms0Ad9iBfwoInbDbSoLn,27
Come Into My World,Kylie Minogue,9,39DW02MW41A8bBIxH7nT1V,49
Come Join The Murder,The White Buffalo & The Forest Rangers,9,6iMjFSVXIpTE7tcrwEE17e,3
Come Live With Me,Roy Clark,8,1VcFjojUvIhcfMmFX2gXCR,20
Come Live With Me,Ray Charles,8,0uhP27vv5qfjJhlAMnZgek,17
Come Monday,Jimmy Buffett,2,0yje3JVMgJNZENayymCTHA,59
Come On,Billy Lawrence Featuring MC Lyte,4,7L6ltzifwphuvgAjKQH4Y7,24
Come On,Barry White,8,5zh0PuuU8rjyKzYPamGLx4,32
Come On,Tommy Roe,3,0rRER2rlfTJ3LqFqv5Knpj,8
Come On And Get Me,Fabian,2,4xP6XFFXLpSOnga3GTUvMi,0
Come On And Say It,The Grass Roots,6,2VWThes1ZhDX9BLuucqJgI,14
Come On And See Me,Tammi Terrell,7,3u7n1FGFhlUEZrjCmwwepe,21
Come On Baby,Bruce Channel,9,7oVApubS5K80dbSEcr2znF,0
Come On Do The Jerk,The Miracles,4,1CfQZztUvK8D4aEJ9OA9IX,4
Come On Down To My Boat,Every Mothers' Son,0,3unFRYDotoc1a2vR08T4yN,36
Come On Eileen,Dexys Midnight Runners,0,3MrWxJaD2AT0W9DjWF64Vm,75
Come On Get Higher,Matt Nathanson,5,38YgZVHPWOWsKrsCXz6JyP,68
Come On Let's Go,The McCoys,2,5O0ibxlu6WLiDr7Q2n8EuI,23
Come On Little Angel,The Belmonts,2,2c2vQsTkOEzUWTMwZcciqH,18
Come On Over,Jessica Simpson,6,4Z4HrH47UW6Vc4s76hAsSL,24
Come On Over,Shania Twain,5,0kxEMIpNL0GmIMKkTJ7vw0,50
Come On Over,Olivia Newton-John,2,0VgxFK56BpxbZRPmmB00aR,27
Come On Over,The Strollers,9,7A0apkTSTvMbSI7yplcmlh,65
Come On Over Baby (All I Want Is You),Christina Aguilera,0,7A0apkTSTvMbSI7yplcmlh,65
Come On Over To My Place,The Drifters,5,4MRhEMGSsBTaBX8IBNCe1b,43
Come On Sock It To Me,Syl Johnson,9,4S2eh6ZoRx2qCftH34B4wq,21
Come On Up,The Young Rascals,4,0R6jYwBiYBFOcBMqD9fZnA,25
"Come On, Let's Go",Los Lobos,2,3bn2V2sX9thF562738E6ti,48
"Come On, Let's Go",Ritchie Valens,4,4cRfSR0QxDlXRHTKyEOu93,58
"Come On, React!",The Fireballs,6,3yhe363HJMg2IxE132DcPX,0
Come Out And Play,Billie Eilish,6,7wC5eZcFS1Q1BsQ35DU6H4,67
Come Out Fighting,Easterhouse,8,0nJ1NnGsAbmHjNuJKArCAI,3
Come Over,Kenny Chesney,2,6BCrbWBpb8d6KWmEqZ41tr,56
Come Over,Aaliyah,3,28RaFrB9gSS48XXumZMobc,60
Come Over To My Place,Davina,8,4jCYMmFupLTCSqbIro7cnB,25
Come Prima,Tony Dallara,5,22Avx4fZ3BKRSS9EnPD1F2,41
Come Prima (Koma Preema),Polly Bergen,6,4Fo6u8SuhugquG9NsiguE9,36
Come Rain Or Come Shine,Ray Charles,8,2htH7r8oqqEwp3BB6oh2cU,59
Come Running,Van Morrison,3,340k3JIT2OD06pNNpH38KW,40
Come Running Back,Dean Martin,3,3EQM6RIkUZ3nVI8mTVwIvY,32
Come Sail Away,Styx,0,0PsbWiVtix5FoTZ1s00mEl,66
Come Saturday Morning,The Sandpipers,1,6CktzfYm1SNLwFiyV9XwJY,35
Come See,Major Lance,3,7zMN7kB99o6zAbvDCoLoaD,2
Come See About Me,The Supremes,0,307kcWJQNMdiYYKj1LgClU,61
Come See About Me,Jr. Walker & The All Stars,2,6otraxvXsHr0s92xdV6kSm,18
Come See About Me,Nella Dodds,7,3SFSSzmX9h0dVXEHCnzq8j,38
Come See Me,112,3,0uuu6GPfF36MPr6SKMHvuF,44
Come September,Billy Vaughn And His Orchestra,7,6KpL7JQ0TqZkiTQF3VMsst,28
Come Share The Good Times With Me,Julie Monday,9,4pvmQ0zPAhF4O7Fdbx0raQ,22
Come Softly To Me,The New Seekers,9,3GUIzXkfPTvayEK2DE0gvv,4
Come Softly To Me,Ronnie Height,4,5jHNABllWip3fdtxZ1TmQf,17
Come Softly To Me,The Fleetwoods,0,603N4XGJUTbK760GLCvIIs,52
Come This Way,Lil Uzi Vert,8,2BjNjFJAQTxqUPGpOnrese,54
Come Through,H.E.R. Featuring Chris Brown,6,29he0Joo5sz2607A6ZBT6H,66
Come Thru,Drake,8,3eN46sMTppXYMAyWi37wn1,62
Come Thru,Summer Walker & Usher,4,3AUdn63rW5Yv5yNKikf9gv,2
Come To Life,Kanye West,7,5xvXeuxISyXJDRbZZf4uzd,58
Come To Me,Diddy Featuring Nicole Scherzinger,0,6yuvC80FcnVJNvC0DbXN9e,52
Come To Me,Aretha Franklin,8,4Bxm1er7iny6GvMWQ312oT,0
Come To Me,France Joli,1,5wmVHVCMNO6TfCBcXU0cCk,41
Come To Me,Tommy James And The Shondells,4,12Wn3wOE8MTeFJiL23F3Mi,2
Come To Me,Otis Redding,6,25rfcLcczxo0vJHRaFwCkX,37
Come To Me,Marv Johnson,2,3Ib2Ccnn3zyWdYuLCzRH2B,23
Come To Me Softly,Jimmy James & The Vagabonds,7,5DqDDxSBUjo3WCl48jY2FC,28
Come To My Window,Melissa Etheridge,2,4LmlGaGTEbTGE5VngAbpA3,53
Come To The Sunshine,Harpers Bizarre,3,1boB4tIIwdefeoQVHNG5Jl,23
Come Together,Aerosmith,2,6FfE10CNarokEyIGxWhz2g,59
Come Together,Ike & Tina Turner & The Ikettes,5,4XHuEHpj3YJIA5NGt7iyCh,37
Come Together/Something,The Beatles,0,1aIh8C6OpXxOdM4pJatdIW,0
Come Tomorrow,Manfred Mann,4,4Pavzzdo2mqdT5NyCPNvvw,27
Come Undone,Duran Duran,0,0yfNXxlyXdmP0ue1iJijx1,69
Come Wake Me Up,Rascal Flatts,5,5mCttXluvE0gaIArboAoFA,47
Come What May,Clyde McPhatter,4,4UgiNlKI2BrCmMhGnrYFze,5
Come With Me,Shai,4,09s7AzC1vXpkIBS8xphJgP,38
Come With Me,Puff Daddy Featuring Jimmy Page,0,4SCnjFSNQ56BmeamHqcOMA,37
Come With Me,Keith Sweat (Featuring Ronald Isley),6,6q6I0flO9qBW5A3cGA01VQ,37
Come With Me Now,KONGOS,3,2kWowW0k4oFymhkr7LmvzO,66
Comedown,Bush,2,2ox1STg6AbcEHoHWlFtFwr,61
Comfortable,K Camp,5,2BqQQXuBOuhaWeUP7okEx0,63
Comforter,Shai,0,6vHJpgX1QTYa9SVXankGVR,45
Comin Out Strong,Future Featuring The Weeknd,4,1B87ZDrD3Pno9hS4stamWO,64
Comin' Down Tonight,Thirty Eight Special,6,5X842h2eEiuPhzQQPA2gf3,9
Comin' Home,Delaney & Bonnie & Friends/Eric Clapton,8,2q3PnrRQfd3CLCLDnzMjWQ,15
Comin' Home Baby,Mel Torme,3,71tjsDvB4EMJqNG8EMmFnb,57
Comin' In And Out Of Your Life,Barbra Streisand,1,1ewTd6py4ifeRxoFH0HXlu,32
Comin' In The Back Door,The Baja Marimba Band,4,4MIBL4yQtStCtTYd8E6952,8
Comin' On,Bill Black's Combo,6,3wNim33XFde28o2O84JzFK,1
Comin' On Strong,Sudden Change,5,5cu4WgqjBHMoDTS4WKRfum,53
Comin' On Too Strong,Wayne Newton,6,2BOdbqFnRer3wiYNMaV33W,7
Comin' To Your City,Big & Rich,7,56EYmR9IrFKKYdygcKXrvH,46
Coming Around Again,Carly Simon,1,58Ga5VQlZMnCUV6ZRqf76k,55
Coming Back To You,Maxine Brown,9,0aDZkCOF3vvIM88QvFVgFN,2
Coming Down From Love,Bobby Caldwell,4,138zVd63tbSFQR5oc3dHmg,47
Coming Home,Keith Urban Featuring Julia Michaels,4,4pWb8UZ6IPVJA3CPjCNgzq,48
Coming Home,Diddy - Dirty Money Featuring Skylar Grey,1,6Iocm6VMu6bVNYwiDoyQFW,69
Coming Home,Cinderella,1,5EicljVZKVOo2LZHREtWmQ,53
Coming Home Soldier,Bobby Vinton,1,0EDDzuxDc8oBkXV4X372Az,17
Coming Of Age,Damn Yankees,5,1VMqkvlOqaH0HP0nsj1bx5,45
Coming On Strong,Brenda Lee,1,3Htxny2KBYt7JaSnQPFSnQ,27
Coming Out Of The Dark,Gloria Estefan,0,5x9MJycRilBm2SNavzt9yF,33
Coming To America,The System,9,2bsJ2MSwk3s9VqHxPNpF6E,12
Coming Undone,Korn,7,3o7TMr6RmIusYH7Kkg7ujR,76
Coming Up (Live At Glasgow),Paul McCartney And Wings,0,1Qa0Y05al633fG8f9Peytc,65
Coming Up Close,'Til Tuesday,5,6ZCkhQPdBtUzZPkkO1o9cx,37
Coming Up You,The Cars,7,21N0FmrBzp8uxQkUt4JcQf,22
Commas,Future,5,49zD0wr2S3d0lZPib0K4e1,65
Commercial,Lil Baby Featuring Lil Uzi Vert,2,3tDqEKKUs6gf8zMvSuLyLA,66
Commitment Of The Heart,Clive Griffin,9,1sOpeHGvOOuhNC3QsTijaL,3
Commotion,Creedence Clearwater Revival,2,01PnRJeFSeOgIpBuv1kQKd,51
Communication,Spandau Ballet,5,0oFvDtwuDC86hVUqCIz0rG,36
Communication,The Power Station,3,6ILe7rZd0C5DQBYtSio2rt,27
Communication Breakdown,Roy Orbison,5,2X1EonkN2OiF2tKyNEuzHY,24
Company,Justin Bieber,5,61uyGDPJ06MkxJtHgPmuyO,70
Compared To What,Les McCann & Eddie Harris,8,2jd2VUyrGyhHHRzSsJuq6P,5
Compass,Lady Antebellum,4,2ubncjpv82GY5uES29L5ik,48
Competition Ain't Nothin',Little Carl Carlton,7,2R0zbd80CqwoB0ORDCqDoK,60
Completely,Michael Bolton,3,1ZnwFwzQoFno1T2aYzVDmr,37
Complicated,Mac Miller,6,3WfSNAoj2D8C9noPSGZZFM,62
Complicated,Avril Lavigne,0,5xEM5hIgJ1jjgcEBfpkt2F,79
Con Calma,Daddy Yankee & Katy Perry Featuring Snow,2,5w9c2J52mkdntKOmRLeM2m,78
Concealed Weapons,The J. Geils Band,6,1ynmMEK1fkyiZ6Z6F3ThEt,71
Conceited (There's Something About Remy),Remy Ma,8,2OcBwebjQsdJy76zWvLQvn,63
Concrete And Clay,Unit Four plus Two,2,5z6kXfZFFPYgJAK7mwq5wh,39
Concrete And Clay,Eddie Rambeau,3,2w1vbqV6Z3caGfLZdVLJyW,13
Concrete Angel,Martina McBride,4,2LLcI3oU4CedCQDV5tJ1SK,50
Condition Red,The Goodees,4,1GiHu9xQ1yiPpFB5HpKwgm,3
Coney Island,Taylor Swift Featuring The National,6,2awNGIJHodfLZSClB3PYhz,65
Coney Island Baby,The Excellents,5,4LG3njWSX8FneYH4zSJXGi,33
Confession,Florida Georgia Line,5,6IFPfV8PNSYOmufzQ95hmm,57
Confessions Of A Broken Heart (Daughter To Father),Lindsay Lohan,5,0x7663BmBYv7m1ejUzXHfd,44
Confessions Of A Dangerous Mind,Logic,7,6yIGZp1AaFBoDczu3b4hVU,56
Confessions Part II,Usher,0,7wBThXx7BGZHJJ3aN3OPvv,70
Confident,Demi Lovato,2,3DXXKDbbZKyAZfNb96ST3q,71
Confident,Justin Bieber Featuring Chance The Rapper,4,3JsydWaf2Ev4ehaLUjj3SY,76
Confusion,Electric Light Orchestra,3,3dubLey4QOmUjJCyiGPEMo,53
Conga,Miami Sound Machine,0,3FdHgoJbH3DXNtGLh56pFu,64
Congratulations,Post Malone Featuring Quavo,0,3a1lNhkSLSkpJE4MSHpDu9,81
Congratulations,Vesta,5,3PlxioD8I6FstWbIxinH0m,34
Congratulations,Rick Nelson,6,0rxUdgmRRjzISbhIOi0Di7,6
Congratulations,Cliff Richard,9,1ZfbMOw5VSh5Qqr8hgLCkJ,42
Connected,Stereo MC's,1,5t09SnxOR2AelOghumKkXO,52
Connection,Elastica,5,53LZqMzQEnjBkFXPqOq0cD,56
Conqueror,Empire Cast Featuring Estelle & Jussie Smollett,4,0ZWf29CmOdp1Xfvz47LoGJ,36
Conquistador,Procol Harum,1,2Wr1PqAw6bzMYhngpb3f96,44
Conscience,Kodak Black Featuring Future,9,3wspfG772mi1c25JpnNOVP,66
Conscience,James Darren,1,4U6I4CX15zcKLDSCgc0Eab,4
Consequences,Camila Cabello,5,7sTtHHrD0zDpmzQzH3zegz,65
Consider Me Gone,Reba,3,3aPu8Pt9F18y7O7AbzsC02,54
Constant Craving,Glee Cast,8,2tRQSSpgHBGzAHJnhP6HiO,34
Constant Craving,k.d. lang,3,0wCrg1LhgPcGMw51qqpI6k,55
Constant Rain (Chove Chuva),Sergio Mendes & Brasil '66,7,6YTBfxkdGce9pLEy9jG9Jo,62
Constantly,Immature,1,2Ht2XbOKEay5ogJbDk3i9q,33
Contact,Edwin Starr,6,4yhqY0uTj98Tjm3NZrquTz,18
Contagious,The Isley Brothers Featuring Ronald Isley,1,7teF2kwC3GL00mQfwtxzo9,58
Contra,Logic,5,7u90MSvVyEjL0c8icaE7jl,52
Control,Puddle Of Mudd,6,575Sz3R4xOhueUstPObylF,63
Control,Janet Jackson,0,5vywtoD7fO1CP0B2wtm6I6,46
Control Myself,LL Cool J Featuring Jennifer Lopez,0,6RzpuVp06z70xIGG9etyUs,42
Control Of Me,Les Emmerson,5,4vIcm0iTB8MIC7bdOZMCV8,0
Controlla,Drake,1,3O8NlPh2LByMU9lSRSHedm,72
Controversy,Prince,6,417BgvwuyihreDKPXbp2kS,47
Convention '72,The Delegates,0,04q5hjlNHcvn89VceyMUpW,29
Conversations,Juice WRLD,0,4K06PO78fW4mnBVenxGNob,76
Conversations In The Dark,John Legend,8,0QjQC8sGqxUkaJFBsJjtGm,60
Conviction Of The Heart,Kenny Loggins,6,2NKAzlbQGnm0gY5o1vFx7H,30
Convoy,C.W. McCall,0,6dGWq08LXuIw6T2oUeHECh,60
Coo Coo,Big Brother And The Holding Company,8,5PEEbmeELam84bKuxZsoj2,39
Coo-Coo Chee,Ric-A-Che Featuring Darija,9,7uBfthz332LQQpLqVpD1DH,19
CooCoo-U,The Kingston Trio,9,4C3jDWATqX5n4xaRO8wZOF,48
Cook With Honey,Judy Collins,3,20cU9dg5zHpOvNV9nKyFqZ,17
Cookie Jar,Gym Class Heroes Featuring The-Dream,5,3RDcUlLGp3SLp2AmUbUbls,55
Cookin',Al Casey Combo,9,69eDTezoEMIc6NCfASKNJt,9
Cool,Jonas Brothers,2,7yfi8B8opXjnRh4VZnOkz9,62
Cool,Gwen Stefani,1,469RmLzEsicj8VSn9aIuKV,57
Cool (Part 1),The Time,8,5ruO7EUjeySbRwRwiCGggB,0
Cool Again,Kane Brown,2,5P3oaNpPDVLRJsL3152SEs,58
Cool Aid,Paul Humphrey & His Cool Aid Chemists,2,4mLGUGw4IWlXs1UbY5QBpP,56
Cool As Ice (Everybody Get Loose),Vanilla Ice,8,4IEoniSlS3CTljXF8DPP8z,29
Cool Change,Little River Band,0,2SEGYVnWImKLUOkU3Qa8sX,60
Cool For The Summer,Demi Lovato,1,3uwnnTQcHM1rDqSfA4gQNz,79
Cool Girl,Tove Lo,8,3tJ4y2Zqx6gM9xOAuFfsSF,64
Cool It Now,New Edition,0,5LkcAjqj5NOctNGi2qUjlw,54
Cool Jerk,The Capitols,0,1CQHMHRCDs1qioeseVTbaR,45
Cool Kids,Echosmith,1,13P5rwmk2EsoFRIz9UCeh9,73
Cool Love,Pablo Cruise,1,4f3J8zrr85LAVUhzZ3llYP,34
Cool Magic,The Steve Miller Band,5,25CuoO5ZVIllKFgSaycsMP,19
Cool Night,Paul Davis,1,29KyVqHekckVGfxHn8QS7m,52
Cool Places,Sparks & Jane Wiedlin,4,6w0A4rf6lIbFeFcIgFL1hV,33
Cool Water,Jack Scott,8,0OFX1hwVTJRLkpH0nDykat,9
Cooler Than A Bitch,Gunna Featuring Roddy Ricch,4,5LHHKZOwV8XW4LJP2C64mw,61
Cooler Than Me,Mike Posner,0,2V4bv1fNWfTcyRJKmej6Sj,75
Cop Car,Keith Urban,4,5vCgOg9VqRaAUbnflCO6P3,58
Cop Shot The Kid,Nas Featuring Kanye West,9,1vi9adPJiD4d22ybGp25hy,45
Cop That Sh#!,Timbaland & Magoo Featuring Missy Elliott,9,0SURN4evITLIdL9sGPMMpk,40
Copacabana (at The Copa),Barry Manilow,0,5FMXrphygZ4z3gVDHGWxgl,58
Copy Cat,Gary U.S. Bonds,9,0E3gyl8y7IQaxft5gEhvbv,1
Coquette,Fats Domino,9,3wVRC7XGgay0BoYiDsA5KP,21
Corazon,Maluma X Nego do Borel,8,4mRGBee3xZFPSgEYH41usR,22
Coraz√≥n,Carole King,3,0v1qlRKi0ZwlQn4zK3kM4N,30
"Corinna, Corinna",Ray Peterson,0,7LaCTjMLXG03oWhl6Va3PZ,34
Cornelia Street,Taylor Swift,5,12M5uqx0ZuwkpLp5rJim1a,75
Corner Of The Sky,Jackson 5,1,73JLEHdqAiB0SyaeUziJU9,16
Corona And Lime,Shwayze,2,4U5CjTT6uObhD2vwnD4zOF,52
"Corso,Tyler", The Creator,5,2M6P0j9uCqFzx8u9P4VxNi,62
Cosmic Sea,The Mystic Moods,8,2n57bbhDsRMvUdUtuqIYxN,17
Cost Of Livin',Ronnie Dunn,8,41TDpmZqjVfCEFE8yMNhGc,45
"Costa Rica,Dreamville Featuring Bas, JID, Guapdad 4000, Reese LAFLARE, Jace, Mez, Smokepurpp", Buddy & Ski Mask The Slump God,7,5WnfnSpuNEGXyEt78PBA6d,66
Costafine Town,Splinter,7,4WkfJwz4JPmgVhHueAK1TD,17
Cottage Cheese,CROW,5,1sY2GKMU49EEU6IrHUWwq9,12
Cotton Candy,Al Hirt,1,6vOJGIYpiEgYh4Vjx47c4w,31
Cotton Candy,The Sylvers,5,56GFKdXSeQBvX0Mv6wWTdc,20
Cotton Eye Joe,Rednex,2,0Jg602cHeMCnPez9baacIe,58
Cotton Fields,The Highwaymen,1,4u00xAxjE159vAnxfMNgP4,31
Cotton Jenny,Anne Murray,7,7iNxOji8po0OEZJ7clVKII,33
Cottonfields,Ace Cannon,6,1Mm00HcfXLI6u1f0YfNiVH,1
Cough Syrup,Young The Giant,9,1UqhkbzB1kuFwt2iy4h29Q,69
Cough Syrup,Glee Cast,6,7LqfLfRDpJQkr5LHtPMLql,53
Could Heaven Ever Be Like This (Part 1),Idris Muhammad,7,7lhNCZG9JWxhoJSGkJa2AS,55
Could I Be Dreaming,The Pointer Sisters,5,1kIu9zpYtWjgrLlsactlna,63
Could I Forget You,Tyrone Davis,5,3kU9VVnb9XfLbrmjS8YoCj,5
Could I Have This Dance,Anne Murray,3,1B55mH2OWnHm8Lahr0gPQV,53
Could I Have This Kiss Forever,Whitney Houston & Enrique Iglesias,5,5jLhThk6ubNEKoFdQscJMc,0
Could It Be,Charlie Worsham,9,6fRKgExSY24i2whGdAJUnM,29
Could It Be,Jaheim,2,1eDmhyYxYa8VG360HVPzUh,44
Could It Be Forever,David Cassidy,3,2ryBb1Ds2GW462esXnUBi6,30
Could It Be I'm Falling In Love,The Spinners,0,5i0urffBRKl09GSX2Jhdeh,62
Could It Be Love,Jennifer Warnes,4,7oHeqO7wiWCg0e4df54ccw,14
Could It Be Magic,Barry Manilow,0,6FDrn47S3Q4s9rhLHm4um0,44
Could It Be Magic,Donna Summer,5,2MdGWAiYLmGbetrSBANcoD,46
Could This Be Love,Seduction,1,3vlhjgeKW3u1Fjzf6JiJvo,36
Could You Ever Love Me Again,Gary & Dave,9,2mpVNgyWsXcBFS1IkUHjmj,23
Could've Been,H.E.R. Featuring Bryson Tiller,7,6oEVnWKgPqIEPc53OYDNqG,77
Could've Been,Tiffany,0,5HNstg5iwAVAa0xT83pWTN,22
Could've Been Me,Billy Ray Cyrus,7,6x3GOzUYQE9nmQYSY8Lyrg,39
Couldn't Get It Right,Climax Blues Band,0,7GSCnEFxiD6Im98CbfySDw,58
Couldn't I Just Tell You,Todd Rundgren,9,02jZSvPG0SNsBwj6g9yRCo,28
Couldn't Last A Moment,Collin Raye,4,72mr7QyZEQbrX89SxtePOc,13
Count Down,Dave Baby Cortez,9,2JwYiiIMbILIDFItabd5su,30
Count Every Star,Linda Scott,4,7s52MZTIJsNK5ji51cdJs0,0
Count Every Star,The Rivieras,7,0lDaLquROBu6XlWB9g7BP7,8
Count Every Star,Donnie and The Dreamers,3,6R8dZJ0hAurSStsFZf7EDF,2
Count Me In,Gary Lewis And The Playboys,0,6AxrqcdIE5lSjXxKUyBAU0,34
Count Me Out,New Edition,5,0XpJaafBTohHGhhdrp83rJ,38
Count On Me,Gerard McMahon,8,3ssnFwx5lu6qxhLBR0vutB,53
Count On Me,Jefferson Starship,0,3ssnFwx5lu6qxhLBR0vutB,53
Count Your Blessings,Ashford & Simpson,8,0lAEegWyK8nrX6rZW8YnT8,15
Countdown,Beyonce,7,3axkNosdVQLZiq1HakuGhc,64
Counting Blue Cars,Dishwalla,1,6B618H5CuCdEzcVs0NKTlt,58
Counting Stars,OneRepublic,0,6sy3LkhNFjJWlaeSMNwQ62,78
Counting The Days,Joey Kid,6,349H2E0ZhBGjYLhcAQcAxE,13
Country Again,Thomas Rhett,4,4oR2cCQGs0Yt0Mgr2diV6V,68
Country Boy,Aaron Lewis Featuring George Jones & Charlie Daniels,8,5TzoqLAFczwhUMrjNlWITI,64
Country Boy,Alan Jackson,4,5RuCWf4bJC0rqA05b7nWfd,61
Country Boy,Fats Domino,2,0ODYD6OkOt8TaIRc8FPBVq,10
Country Boy (You Got Your Feet In L.A.),Glen Campbell,1,1QoPtpJPMP0Zx8oxd0eDip,41
Country Comes To Town,Toby Keith,5,7qkUw81edqOdtGnTR5stiR,33
Country Girl (Shake It For Me),Luke Bryan,2,0JbSghVDghtFEurrSO8JrC,76
Country Girl - City Man,Billy Vera & Judy Clay,3,3ZcgnaHwd4Psa2ZzUkvdxb,8
Country Man,Luke Bryan,7,4xfezXafYzsy7G4KfXQ9G5,49
Country Must Be Country Wide,Brantley Gilbert,4,454JIJlQ8GvrCoBvSfq3KA,57
Country Nation,Brad Paisley,9,4yL5WpJZmoxAV4udhE55VY,41
Country Preacher,Cannonball Adderley,8,7g4LLcIDNC1gVcz97dpVR2,14
Country Road,James Taylor,3,2OBaVeRFXblWxoZHC4sryf,56
Country Side Of Life,Wet Willie,6,2qQusZC1YyZSLzhkffY9IG,36
Country Song,Seether,7,2abHKI9Oox4NBEhOh3HMbq,63
Country Strong,Gwyneth Paltrow,8,5TNdPSPGGanyHK2MBQpU1G,36
Country Sunshine,Dottie West,4,4jE0JNXJ2H3UdhoYBeu8st,39
Country Wine,The Raiders,5,3l9cvJuH8kNvAcreWGyJIG,4
Country Woman,The Magic Lantern,8,5k1OVHHfO3oh2c5uE7xAVK,1
Couple Days Off,Huey Lewis & The News,1,2n5xm7IwwgvtSSBCcQexKW,33
Court Of Love,The Unifics,2,1LFQhKLguquEcrhvZDZbKe,24
"Courtesy Of The Red, White And Blue (The Angry American)",Toby Keith,2,0M7mWKqwTIaVjYyxfZmtTa,67
Cousin Of Mine,Sam Cooke,3,0e1UkgZFTKEkqHlTG7SRkS,13
Cover Girl,New Kids On The Block,0,6CCYX0JVy5qYqUvWpCvHXh,41
Cover Me,Bruce Springsteen,0,4U7NhC2rQTAhH7dw7H0goB,55
Cover Me,Percy Sledge,4,6JJ2cZDIEp7ldcB4yDtgjP,31
Cover Me Up,Morgan Wallen,5,0mKnuxVkPi5h0kuvZl44VM,77
Cover Of Love,Michael Damian,3,3wYtn3DBgpLvMkT1bT9aEa,9
Cover You In Kisses,John Michael Montgomery,9,6dIbdBKUEfsiK6GiyX8Kas,37
Coward Of The County,Kenny Rogers,0,0JkIre0YxNmKGMU5V7ZiDx,63
Cowboy,Kid Rock,8,19LT4ZUEeoUdimKE04WJJg,64
Cowboy Boots,Dave Dudley,9,6so7FY2EYN2XukH5eEkslT,18
Cowboy Casanova,Carrie Underwood,1,6OqdF0vHI9xkqswI7EK0cD,63
Cowboy Jimmy Joe (Die Sterne Der Prarie),Lolita,9,1zf3so9DOBwjI0VHma6b50,1
Cowboy Like Me,Taylor Swift,7,1XjHRolIXL2M1EEOUsGGR4,67
Cowboy Song,Thin Lizzy,7,2H82AQCQNc4TH2yVcYKIID,54
Cowboy Take Me Away,Dixie Chicks,2,3rXCZRMiMZp0feGcYXpwYX,70
Cowboys And Angels,Dustin Lynch,3,5ksoJlQJtduEkwQTo7UN7X,62
Cowboys Are Frequently Secretly (Fond Of Each Other),Willie Nelson,5,5GRFyKCYXXXlImIY8zhBmV,39
Cowboys Like Us,George Strait,3,1J02p0AlYptTfos2M3hLW6,53
Cowboys To Girls,The Intruders,0,6n3WVi0pxFQuAjAQRPPryY,51
Cowgirls Don't Cry,Brooks & Dunn Featuring Reba McEntire,4,76fUOrKOcUnAceODDPBidy,58
Cozy Little Christmas,Katy Perry,5,02FaKXXL7KUtRc7K0k54tL,52
"Crack A Bottle,Eminem", Dr. Dre & 50 Cent,0,3LO81zsycTps4sweJqbI9B,4
Crackerbox Palace,George Harrison,1,4DsN68KVYkhZ52SQ4ypnut,42
Crackin Up,Bo Diddley,6,7hajZgAZPUxRu6YwuyODI8,28
Cracklin' Rosie,Neil Diamond,0,5pkd9ib1RgbkAd1R9bIOCa,65
Cradle Of Love,Johnny Preston,0,6hHTKiIdjR9b7fUfZEHedZ,35
Cranes In The Sky,Solange,7,48EjSdYh8wz2gBxxqzrsLe,64
Crank It Up (Funk Town) Pt. 1,Peter Brown,8,3HOgUlwPDsh0kEFnbr5EL5,38
Crank That (Soulja Boy),Soulja Boy Tell'em,0,66TRwr5uJwPt15mfFkzhbi,75
Crash,Gwen Stefani,4,6HJxf2Vnveoo5Hm7sZ7qOp,38
Crash (Have Some Fun),TKA Featuring Michelle Visage,7,3QJJ048JKkbCuYvjQjEop5,13
Crash And Burn,Thomas Rhett,3,2Fk0WwAqTBesLtKg97nojy,64
Crash And Burn,Savage Garden,2,60g4sp8i3gXSb1EkphMl1g,56
Crash Here Tonight,Toby Keith,9,0gXK4B39Vquj1oaMnxXP7Y,27
Crash My Party,Luke Bryan,1,6GBUsjHfZuweYf5lQEz6mP,61
Craving You,Thomas Rhett Featuring Maren Morris,3,2d48mamATjby7wgPjdrSOQ,62
Crawl,Chris Brown,5,3SK0wdiECK6UltzbYm2rkd,51
Crawling,Linkin Park,7,57BrRMwf9LrcmuOsyGilwr,78
Crawling Back,Roy Orbison,4,01gHdCKj7RNQYFq4ED9YFN,30
Crawling Back To You,Daughtry,4,571pa5LGKPGLNTLcobbrgr,50
Crawling In The Dark,Hoobastank,6,1PJRDeZSoZk7gtisdTYfLi,67
Crazay,Jesse Johnson (Featuring Sly Stone),5,7M3txFiUnjpSbSc0axEUyW,50
Crazier,Taylor Swift,1,5vyxXfD5gLlyPxGZMEjtmd,64
Craziest,Naughty By Nature,5,2i6ZhZZlo3M412mL8uM3UL,39
Crazy,Javier,9,7Ddl7aYrNU9kAjXjpE5iF4,29
Crazy,Aerosmith,1,74irxdVWstNlEQjsvArITq,74
Crazy,Gnarls Barkley,0,2N5zMZX7YeL1tico8oQxa9,73
Crazy,K-Ci & JoJo,1,3PJivN5BZ2ckFa22igIu4a,58
Crazy,Kenny Rogers,7,1Cg8HzQLJ4rjjXprgotjJj,51
Crazy,Icehouse,1,4tmXsNoNOk37DPBhVk5wK1,55
Crazy,Seal,0,6Vz7vzOpCwKeSQlfViibuY,61
Crazy,The Manhattans,7,3TFOWJpcPUaKmVfRXM3uoK,34
Crazy,Daisy Dee,7,0sVVxfk94o1svVdo7KJfx4,46
Crazy,The Boys,2,5XFMHAb2uAyOT5vDYZQYmF,24
Crazy,Patsy Cline,0,3zpj9dvJABiyMrmLCPw6i8,65
Crazy (Keep On Falling),The John Hall Band,4,6iLzfMb6os3GI2md2Mpy4b,12
Crazy About Her,Rod Stewart,1,60tCUGmI1Yhz5gLjXhplXx,29
Crazy About The La La La,Smokey Robinson & The Miracles,5,7mTw5RU1OWIZid5gcfAXi0,4
Crazy Arms,Bob Beckham,3,20RAYcU9jdYqb97atyYgYM,0
Crazy Beautiful Life,Ke$ha,9,1YcOjtjiwwiwlrzmeueQ45,43
Crazy Bitch,Buckcherry,5,5XfQTbialQHn9PhDb0p85H,67
Crazy Car,The Naked Brothers Band,8,75hGPTpejfWQM8zDW9d9U8,39
Crazy Cool,Paula Abdul,5,6RH2MM9oW0wgdUnD6yIv0v,23
Crazy Country Hop,Johnny Otis,8,3ckKoeMeBQNuV5HjVZplD0,11
Crazy Crazy Nights,KISS,6,3YSfGJNDtF8KrHlwCAaVns,62
Crazy Downtown,Allan Sherman,3,4VFGjvg01giZD45wwmVUXF,2
Crazy Eyes For You,Bobby Hamilton,3,5LMhLmz3JtxkZ92CxLf0lX,29
Crazy Feelin',Jefferson Starship,5,3vDIydZKbwViSP22sTyzGm,17
Crazy For This Girl,Evan And Jaron,1,2gdt70w8DOCWGq1HdkgSUd,49
Crazy For You,Madonna,0,6B4oVElDIKRNcNUary0WG7,62
Crazy Girl,Eli Young Band,2,1nVLAEzhBXMJLR5zAl90Nl,70
Crazy Horses,The Osmonds,1,6LqbJXriVJyqJCd9jYoPqP,42
Crazy In Love,Beyonce Featuring Jay Z,0,19lLzX7vt4BhrSOaHeRyn7,28
Crazy In The Night (Barking At Airplanes),Kim Carnes,1,5UMWmHdI90c1w7Vx7Rorne,44
Crazy Kids,Ke$ha Featuring will.i.am Or Juicy J,3,1sNctqVr9zdS7i1RZNjIgY,52
Crazy Little Thing Called Love,Dwight Yoakam,6,2kPhndhmpESYhoFTvpAIQU,40
Crazy Little Thing Called Love,Queen,0,35ItUJlMtjOQW3SSiTCrrw,69
Crazy Love,CeCe Peniston,9,36V3MeyjHoth9rc8x5o4ts,18
Crazy Love,The Allman Brothers Band,2,1Z3B0i9G76WrpoHYL6QVsN,0
Crazy Love,Poco,1,4l6uTQ4A2eWZrOzjgm1bey,56
