song,artist,class,track_id,popularity,danceability,energy,key,loudness,mode,speechiness,acousticness,instrumentalness,liveness,valence,tempo,duration_ms,time_signature
Liquid Mercury,Jimmy Page,10,4GkjkuWQFcelnsZYDWL1eY,20,0.427,0.486,2,-11.207,1,0.0499,0.00672,0.933,0.0385,0.539,149.553,183800,4
Bitch Is Back,LA Guns,10,03nJUVtnBJy0EfDWfSY81n,29,0.59,0.944,1,-7.258,0,0.0462,0.000312,0.00265,0.326,0.368,123.404,172733,4
Love Happens Just Like That LP Version,Bryan White,10,5J2dKcjbC3FzJUYUOWH6L9,8,0.703,0.794,1,-6.005,1,0.0337,0.0845,0.0,0.0506,0.861,107.734,166240,4
Are We Here ,Orbital,10,4Jt4zH1bLXLeRFsdE859jb,27,0.734,0.808,10,-9.053,1,0.0432,9.29e-05,0.893,0.0578,0.13,126.99,348653,4
Quiet Nights Of Quiet Stars Corcovado The Frank Sinatra Collection,Frank Sinatra,10,1FdulvpRiLgkseCz7RrNOR,44,0.388,0.255,0,-16.496,1,0.0332,0.77,0.0737,0.0838,0.25,107.426,165213,3
Rock America,Danger Danger,10,5zR2SIo0RncU1PNNNbMzsu,37,0.467,0.955,4,-8.285,1,0.0527,0.0599,3.93e-06,0.299,0.396,82.092,292867,4
Fortune Teller,The Rolling Stones,10,19pFzIY1yji9ZxDdrVg3sF,19,0.484,0.932,3,-8.28,1,0.114,0.162,0.0,0.0703,0.428,172.453,137507,4
Lift Joi Blarneyformasian,Azukx,10,5Jt1dVS92CIpKNYrQK0JXN,0,0.622,0.854,2,-8.131,1,0.0322,0.00367,0.943,0.102,0.458,121.146,295933,4
Setanta matins,Elena,10,1ZV1Ff9ebiB5pXpnC8Hfan,0,0.537,0.367,2,-6.547,1,0.0336,0.664,0.0455,0.0738,0.347,142.016,269351,4
'57 Chevrolet,Billie Jo Spears,10,0nbm4bvneAGlrp5wZKRHT8,43,0.604,0.681,9,-9.889,1,0.0252,0.407,3.08e-06,0.074,0.897,94.298,173627,4
Retarded Army,Rocky Whatule,10,0euClPHfxlE3l2QYStkHw5,0,0.358,0.982,10,-7.955,0,0.737,0.717,0.0,0.876,0.423,84.275,197667,4
Our Love Is A Living Thing,Ed Ames,10,4ttJTZn58NHDDdHhxpZdCJ,4,0.302,0.448,2,-10.666,1,0.0357,0.824,0.0,0.178,0.353,115.963,132933,3
Si No Te Hubieras Ido,Charlie Cruz,10,7kF3jIaZ8qVGOELgEa11HJ,9,0.74,0.954,2,-2.161,1,0.047,0.448,0.000915,0.0368,0.83,100.326,288840,4
Mozart In Samba Motion,Laurindo Almeida,10,0ObzUJZcFslg4K089HXFWv,0,0.829,0.61,0,-14.576,1,0.0805,0.835,0.908,0.0862,0.86,87.744,242081,4
Night is the Notion,Dax Riggs,10,7aoPlENlVAQm9C78Q1lv7N,25,0.417,0.697,8,-5.867,1,0.0305,0.0627,2.82e-05,0.121,0.261,124.459,158680,4
Let it go Interlude,PMD,10,0vGhYu4XTJJmwIYILAHW6f,0,0.609,0.21,6,-19.825,1,0.794,0.75,0.0,0.458,0.404,97.604,44280,5
I Need a Veggie,John Holt,10,2njaX0pIxrqZoAPnA2A01Q,0,0.919,0.554,4,-8.092,0,0.127,0.277,0.0,0.284,0.814,131.416,231067,4
Long Summer Days,The Moody Blues,10,61qtUP0Cy1y8cEjy4RKEqP,25,0.471,0.618,2,-8.844,1,0.0261,0.248,5.29e-05,0.0824,0.68,93.006,195027,4
What Country Is,Luke Bryan,10,4VYLBtOHx9WYSFXHYnzVbN,47,0.562,0.772,10,-4.068,1,0.0362,0.0932,0.0,0.0873,0.77,148.126,194227,4
Show Some Sign,The Jackson Southernaires,10,0sSv4q3OczGHEm17njotIb,1,0.67,0.758,5,-7.41,0,0.21,0.549,0.0,0.0684,0.72,132.467,273693,4
Abstracto,Catupecu Machu,10,13PN35UZ7ohrf03F9YKa6F,38,0.664,0.699,6,-6.845,1,0.118,0.548,0.88,0.165,0.82,175.923,123409,4
Bolivian Surf,Bersuit Vergarabat,10,2PKkCGoCc4idF91R6RvFEN,58,0.711,0.818,9,-6.146,1,0.0279,0.0405,4.27e-06,0.268,0.964,109.996,212560,4
Michael Nobody aka Poetic Death,Snowgoons,10,452lwkNukXKYkvTEBoFBjL,4,0.56,0.856,10,-5.079,0,0.257,0.278,1.97e-06,0.12,0.466,88.489,197840,4
My Heart Goes Up,Keira Green,10,4O8RDFQ2J9JqbF42jF29R8,0,0.613,0.992,0,-7.585,1,0.0434,0.0191,0.00195,0.297,0.695,141.002,180469,4
Hold On,The Jason Bonham Band,10,0wJugBKYBtJatcexE18Zu7,11,0.477,0.922,5,-9.735,1,0.0513,0.234,0.000373,0.66,0.268,92.126,295267,4
Get It While You Can,Janis Joplin,10,3dOfHE5J4Qsj1hJ35vnfn4,46,0.39,0.443,5,-9.63,1,0.0298,0.577,0.00019,0.125,0.345,147.009,203400,3
Balada De La Mariposa,MarAa Elena Walsh,10,2T6ZYOrJVvscFv7AMBH3mW,46,0.519,0.422,3,-11.633,1,0.0931,0.867,0.134,0.132,0.762,169.387,155520,4
The Lifestyle That Got Away,The High Strung,10,5EkUYDwi5bYt5KcyDR4az4,13,0.5,0.946,9,-2.588,1,0.0497,0.23,0.0,0.262,0.662,94.744,153720,4
Aloha,Brice Kapel,10,5BWgZRjPkAybPxyI8meAIt,34,0.388,0.356,4,-9.328,1,0.0328,0.942,0.0172,0.101,0.0663,101.582,633713,4
Sodding About,The Who,10,3bSRBX8v9mjMA9U6vwgKvO,9,0.474,0.603,2,-12.539,0,0.0297,1.25e-05,0.799,0.163,0.805,120.637,171360,4
Why,Bescenta,10,14A7M6sQfQfFYGBD7LtoSk,0,0.824,0.604,1,-9.291,1,0.323,0.0516,0.0,0.0583,0.672,94.852,232000,4
Again,Janet Jackson,10,1aJnGme5ZRltYTp8FJ52eZ,66,0.865,0.505,7,-11.813,1,0.102,0.0631,0.0151,0.102,0.475,123.102,301200,4
Werewolf Semen And Blood,Beherit,10,4nSLf09tDZaWTPKX61CR3D,13,0.22,0.76,5,-12.647,0,0.119,0.00046,0.911,0.242,0.0948,141.425,187667,3
Bleeds In Blue Album Version,Home Town Hero,10,4fCFuTPTLIh59R71vNKOkQ,58,0.706,0.69,4,-6.722,1,0.046,0.266,0.0,0.218,0.807,115.035,187200,4
Bag A l'ame,Cristina Pato  Mutenrohi,10,6j30pMZTK8binWFtkYbvWq,2,0.351,0.959,11,-5.997,0,0.062,0.00181,0.877,0.203,0.517,131.255,334040,4
Outro,Tunsi,10,4DB4Ym8pyn94P8RHyTJy8r,0,0.381,0.76,1,-9.755,1,0.0426,0.00492,0.741,0.151,0.178,85.938,71267,4
A ti,Alturas,10,4mVhCsI2OIUkzasjRE6I3q,0,0.514,0.324,4,-12.33,0,0.0438,0.743,0.0,0.579,0.692,136.813,279980,4
Outside The Law,Epitaph,10,3urAGSxPFAxp2mZlFavO82,10,0.411,0.733,4,-5.377,0,0.0441,0.0446,0.408,0.177,0.834,141.854,365960,4
Tonight Te AmarAc,MDO,10,1tS6nfSzRvXB5YDeY2kzGF,6,0.662,0.945,5,-5.262,1,0.177,0.13,0.0,0.119,0.757,107.982,211747,4
Everyday Stranger,Dub Pistols feat TK  Ashley Slater,10,2qQieiApQ1TkvkZGLkbCH0,38,0.808,0.869,9,-9.648,1,0.0709,0.0181,0.0625,0.194,0.959,123.545,214367,4
Rain  Ekoln,Olov Johansson Catriona Mckay,10,53ujSVpsWbu3LlRv5d9cfZ,7,0.404,0.41,2,-9.284,1,0.0284,0.879,0.0146,0.0866,0.371,135.501,302667,4
Heaven Only Knows,KOS,10,4XseX48eNHfBNRzyCoBc9K,45,0.628,0.734,5,-6.035,0,0.13,0.0604,0.0,0.54,0.665,87.062,224082,4
Tired Of You Clowning,Sunnyland Slim,10,3Cn9pfHoq3VxadxnqVZ8DJ,1,0.428,0.444,7,-11.679,1,0.0529,0.961,0.408,0.141,0.412,82.358,192067,4
RApido Nos Vamos,Javier Mendoza Band,10,0QyUbZSk4Mm2mG3Bephwte,0,0.666,0.851,2,-4.546,1,0.0345,0.412,2.51e-05,0.0511,0.956,117.134,295520,4
When Morning Comes To Town,The Field Mice,10,1qyO5ATsOuZOHnUfdrI5g2,14,0.502,0.416,3,-16.022,1,0.0365,0.00208,0.591,0.191,0.473,81.277,316733,4
Lived My Life,Singing Melody,10,5bCILBV99LIxxgu7Pn29Za,2,0.625,0.565,3,-6.135,0,0.0783,0.278,0.0,0.0542,0.86,81.457,235707,4
Do Re Mi,Percy Faith,10,49WjcNhorXZBKx3dzFMiVe,0,0.372,0.28,0,-14.144,1,0.0308,0.934,0.187,0.178,0.336,128.802,150667,4
When I Was A Cowboy Western Plains LP Version,Jim Kweskin,10,6RNATLGcUVDSPaVyJM0T4R,3,0.739,0.253,10,-11.78,1,0.0427,0.805,0.0,0.142,0.547,80.115,210213,4
Purple Pygmies,Walter Ego,10,640qq2vE5mFC6VkIQ0uVQ1,2,0.601,0.714,10,-11.089,0,0.0446,0.0525,0.87,0.409,0.331,93.096,535507,4
Gossippo Perpetuo,Perrey And Kingsley,10,0ZYDe0Vx7yK49ftUFnk1kF,3,0.605,0.86,7,-12.4,1,0.0407,0.616,0.914,0.144,0.964,136.032,128800,4
Destroy Everything Album Version,Hatebreed,10,501CSzS4gwNOJnlWHuBt9r,55,0.666,0.942,7,-3.356,1,0.0591,0.00253,0.0,0.114,0.581,110.019,209067,4
Love The Feeling  Original,Leroy Hutson,10,7yLQMOBHYEkFkFQcEoNEpR,40,0.591,0.428,2,-12.307,1,0.0403,0.881,4.67e-05,0.123,0.765,80.587,178933,4
Hot Girls,Kiprich,10,6RqgS4UlHix7k8FshbXndt,0,0.791,0.736,2,-4.856,1,0.093,0.179,0.0,0.108,0.433,101.258,186187,4
Got The Bull By The Horns,Johnny Horton,10,1Tt1eOhh3fwPnJjjbNcQuT,27,0.724,0.575,9,-13.687,1,0.0415,0.529,0.0,0.123,0.957,83.0,112027,4
Guardian Angel,Novaspace,10,6WNvJpFzqfP2IjWYxExNzG,31,0.61,0.537,2,-7.18,1,0.0319,0.395,4.7e-05,0.0932,0.385,92.988,233507,4
D Shuffle Jam Part 2,Christian McBride,10,4bBIADw4urJPkcx0YOfEIo,43,0.3,0.0836,5,-21.202,1,0.0347,0.922,0.892,0.1,0.17,97.396,507535,4
The Sound of C Acapella,Confetti's,10,1trWsxw73QmGRuOVA8PEyG,4,0.473,0.242,0,-11.806,1,0.031,0.719,0.0,0.15,0.212,119.771,347000,4
Beef,CaponeNNoreaga,10,1qbADMsKCFmu08MhWPTZpb,69,0.487,0.964,4,-1.582,0,0.404,0.169,0.0,0.338,0.738,157.08,107567,4
Ace Insurance Man,Bobbie Gentry,10,12sdVfiSHmdH75XNwz6HEe,6,0.527,0.535,2,-10.798,0,0.179,0.517,2.57e-06,0.171,0.905,171.897,215067,4
That's How Strong My Love Is,Doyle Bramhall,10,5rFJ0N7mJOEFgFrFweIjX4,19,0.557,0.582,10,-4.793,1,0.0255,0.29,4.57e-06,0.153,0.516,83.182,256000,3
Ambulance Man,Memphis Jug Band,10,60lRco0Q1zeOrxjBTJ64WR,1,0.743,0.19,10,-12.567,1,0.0412,0.937,4.41e-05,0.12,0.622,98.049,164026,4
That Rock Won't Roll,Restless Heart,10,6fkBh0vLX2GahgCw1eXui3,32,0.718,0.39,9,-14.56,1,0.0261,0.0739,1.18e-06,0.179,0.771,114.382,211267,4
Je Vous Revois Madame Flm ''Le Vagabond Bien AimAc'',Maurice Chevalier,10,1yTZjNU4R0pYNpXwyl37bE,53,0.693,0.443,0,-10.114,1,0.0559,0.825,0.0,0.162,0.95,120.127,140413,4
A Good Life,Joe Grushecky,10,2GHvsHZmuT8Kfjn77ALpbc,3,0.478,0.718,7,-8.138,1,0.0328,0.00197,0.0,0.314,0.855,139.157,231573,4
Slab Ridaz feat Lucky Luciano  Filero,Ice Lucky Luciano Filero,10,6PpVZzJdOpaKjyTlDljN3H,0,0.896,0.707,5,-5.661,0,0.219,0.0148,0.0,0.075,0.855,81.515,239947,4
MAs Y MAs,Mazz,10,62juLETZAAbXmjvgQEGQMu,22,0.613,0.642,2,-9.728,1,0.027,0.0242,0.0,0.353,0.819,116.425,232573,4
No City  Instrumental,Aesop Rock,10,10npmHJrnUSp2U3rTVALJ8,7,0.462,0.424,3,-10.963,1,0.0543,0.00568,0.814,0.284,0.365,147.886,272867,4
Sedona Suite SunrisePrayerJoySunset,Tom Barabas,10,6MU2lK7TkxWjJYtM0xzzmq,12,0.275,0.244,4,-17.293,0,0.0309,0.89,0.952,0.0509,0.101,98.487,328467,4
Let Him Fly,Patty Griffin,10,15GiOLRhRZGM07xhEorDZ4,51,0.505,0.232,2,-7.75,1,0.035,0.8,0.0,0.105,0.425,112.348,191093,4
Feeling Blue,Eric Burdon,10,2PV3u7DWvl6kQDjl2L7tAt,14,0.726,0.664,9,-5.757,0,0.0339,0.198,0.0015,0.15,0.664,97.294,288707,4
Let Me Go Home Whiskey,Asleep At The Wheel,10,3WphM04Z51fiK0CbHuUNeT,8,0.629,0.376,9,-15.606,1,0.0623,0.811,0.0025,0.0717,0.55,142.997,255160,4
Tschung Mori,Megadrums,10,1WVUTCJsdMiOour6Uc17Vj,0,0.774,0.0666,1,-18.939,1,0.137,0.956,0.463,0.097,0.217,118.209,104653,3
Today,Electrostatic,10,1aIqyqTYyZTbobKi0xBEKy,0,0.331,0.946,6,-6.728,1,0.12,0.137,0.00784,0.073,0.585,86.644,285893,5
the Cool Down,Soul Ballet,10,76yPQyDHcZJLrKkwhA7sHD,27,0.764,0.629,0,-7.157,1,0.0272,0.0246,0.534,0.132,0.455,108.0,330360,4
Puy Pop,Xzibit featuring Jayo Felony and Method Man,10,2GjMPj2kfVlMkRL9m6wbY8,22,0.839,0.643,1,-7.771,0,0.32,0.00293,0.0,0.116,0.768,96.166,201067,4
Someone to Watch Over Me,Frank Chacksfield,10,7kH1ncrh5yN5vGSWSAW8wT,52,0.242,0.263,5,-11.621,1,0.0348,0.925,0.833,0.19,0.146,72.852,166293,4
Down in the Lowlands,Charlie Peacock,10,1K4pZgtwxRltUQ6FvMNUED,5,0.664,0.859,7,-7.815,0,0.0486,0.264,0.000435,0.0997,0.631,95.044,313360,4
Leng Jing,Stephy Tang,10,2NG22PLHzDQEWNrWeRr4gf,10,0.643,0.81,8,-4.724,1,0.0398,0.269,0.0,0.111,0.803,123.936,234011,4
MTown 2 MTown,089 Clique feat Minnesota Snipe  Skinny Cueball,10,76yAciyNlGBlGuXoxKmjUm,12,0.752,0.539,10,-8.905,0,0.401,0.0063,0.0,0.106,0.146,114.987,224744,4
Oh Doctor,Luis Alberto Spinetta,10,7bEIcIECuCMqVUptRQ8EFZ,10,0.541,0.505,0,-16.34,1,0.037,0.475,0.000101,0.157,0.583,172.239,143640,4
Can't Break a Dead Girl's Heart,Zombina  The Skeletones,10,0NFWMpFpLdVsJtqhCd16jE,14,0.451,0.806,2,-6.258,1,0.0289,0.000371,0.00166,0.109,0.963,91.01,154598,4
Night Life,Charlie McCoy,10,02mbbInjNwKJHoDPg01UJI,2,0.281,0.298,7,-12.229,1,0.03,0.288,0.0537,0.325,0.335,182.713,282533,3
Far Away Album Version,The Robert Cray Band,10,0aF6dyaQOHXteyX91EoiJz,50,0.707,0.501,8,-12.143,1,0.0287,0.63,6.83e-05,0.0482,0.791,113.263,226507,4
It Ain't No Use,ZZ Hill,10,4B7jaNv9xS6NEc0dFfqUbF,3,0.636,0.494,0,-11.127,1,0.0922,0.513,0.516,0.183,0.532,129.102,292893,3
La Montanara,Maria  Margot HellwigThomas Lehrberger,10,6sTYYRL942IFOGC21eNB9x,24,0.761,0.651,4,-10.676,1,0.0659,0.00108,0.209,0.0856,0.322,128.032,271885,4
Be Good To Me,Sonny Terry  Brownie McGhee,10,4iSvnsxzZBte3qgstEd5qI,35,0.552,0.293,11,-14.803,0,0.0363,0.657,0.0,0.16,0.558,86.514,184000,4
Rossignol Montmartrois Polka,Jo Privat,10,3hteXQVUdWo3ls0HWTeYGR,0,0.836,0.493,2,-6.439,1,0.126,0.062,0.801,0.0396,0.964,122.436,146533,4
Ek Pegh,Kuldeep Paras,10,4Hf7oV7B76hXuAqoIePEgE,0,0.599,0.882,11,-4.499,1,0.0401,0.226,0.0,0.0587,0.93,156.024,301800,4
Same Man,Till West  DJ Delicious,10,1hjHvHja6kfPcJhXgXZ746,11,0.787,0.932,1,-6.285,1,0.0585,7.2e-05,0.897,0.0358,0.656,125.59,407986,4
Bruttosozialprodukt,Geier Sturzflug,10,2jWCLuhLinumCeHiCGONu3,57,0.737,0.733,2,-7.814,1,0.0697,0.197,0.0,0.0193,0.97,165.73,182333,4
Ying Guang Hu Die,Michelle  Vickie,10,0KTXex6yS6nmoRfHexc7Ze,10,0.478,0.455,0,-7.959,1,0.0352,0.612,6.44e-06,0.124,0.205,93.883,279200,4
Finally Album Version,TG Sheppard,10,6mJfGfYTkrClogaSwWTs83,31,0.515,0.582,5,-10.792,0,0.0353,0.449,2.41e-05,0.679,0.366,116.164,234360,4
Where To Piss And Shit In Oslo,Black Debbath,10,3M3HUNxj8Z3xt9gPP0IZdy,0,0.49,0.89,8,-5.259,1,0.0508,0.00281,0.00215,0.146,0.641,132.346,278693,4
Alma De Metal,Bobby Pulido,10,4nEKusZwR0h1Lq6BMk64gK,8,0.357,0.61,9,-8.836,1,0.0345,0.235,0.0,0.107,0.732,200.235,216267,4
I Still Want Your Love Extended Mix,Solitaire,10,2dne8iqo55cp608yCFHOyC,0,0.649,0.86,10,-6.806,1,0.0714,0.00356,0.0038,0.526,0.326,126.306,492400,4
Segredo,JoAPSo Gilberto,10,3MM6LUmNqXnGz6V5gZlap2,22,0.686,0.0317,4,-23.894,1,0.0703,0.917,0.169,0.11,0.398,128.7,195467,4
Livin' In a Strain,Alvin Youngblood Hart,10,52cvldkndUmUIZ76ZHyPCj,4,0.649,0.219,2,-12.227,1,0.0402,0.963,0.131,0.0773,0.52,112.9,231067,4
The Devils Crown,KRSOne,10,7jpyVwUFMPjbJfW9qwPQKK,2,0.541,0.906,10,-7.411,0,0.0871,0.00396,0.0,0.094,0.516,146.253,257547,4
Say How I Feel,Rhian Benson,10,2HkcalIlbYABTmEiCZyWlC,13,0.754,0.394,3,-10.585,0,0.0504,0.398,0.00216,0.0929,0.591,85.916,270493,4
Wake Up Time to Die,Lizzy Borden,10,2z90dyTLmn31Zv9Y96onVe,2,0.207,0.828,9,-9.083,0,0.0851,0.00545,0.000352,0.115,0.166,84.285,371293,4
Up Close and Personal,Bukue One,10,2cuKrm0OT9qHeX8fU9hpK8,0,0.647,0.705,1,-10.829,1,0.383,0.185,0.0,0.157,0.734,96.482,131657,4
I'll Be Yours,Faron Young,10,5UchWnapdayWFliOQS2s83,0,0.577,0.0844,2,-16.624,1,0.0335,0.761,0.0,0.215,0.491,89.207,169529,4
Mine Yuh Business,Johnny Osbourne,10,4hXRvkAOexWPsaf0833Df2,0,0.778,0.521,7,-11.649,1,0.166,0.158,1.31e-06,0.0565,0.783,171.334,209160,4
The Harp That Once Through Tara's Halls,Voyager Series,10,0nSZSMMsbzBOjheRWR1ZNH,0,0.529,0.0297,0,-23.521,1,0.0514,0.994,0.941,0.115,0.117,90.631,103733,4
Dubbaq,Legion Of Green Men,10,1GBOy2bwvoleSYBN355yVT,0,0.761,0.965,9,-7.355,0,0.0635,0.00505,0.827,0.0841,0.771,149.975,396773,4
Per Colpa Tua,Noemi,10,0Z0IoXS4CMH15u0ArJbHEf,0,0.612,0.92,0,-2.622,1,0.0577,0.00247,0.0,0.22,0.684,143.969,226387,4
Ready To Go,RepublicaJonny MaleDave Arch,10,5Qt8U8Suu7MFH1VcJr17Td,47,0.559,0.953,2,-4.657,1,0.0568,0.000283,0.188,0.187,0.236,130.053,301067,4
Baby's Got A Habit,Joe Lynn Turner,10,2E5YEubQukHHuSB3EDxjY4,0,0.604,0.88,2,-6.662,1,0.0336,0.0155,0.0,0.192,0.8,122.459,239360,4
We Are One,Kelly Sweet,10,5Ay8dt7sbClcVPaXfvP2uc,24,0.511,0.41,11,-9.569,1,0.0393,0.757,9.71e-05,0.119,0.234,139.803,216213,4
Savu hAlvenee,Kaija Koo,10,6b4lrQL1DmWQZSL8xzvHAS,5,0.597,0.765,2,-8.179,1,0.0504,0.316,0.0,0.18,0.707,154.95,192266,4
AdiosBorron Y Cuenta Nueva,Los Iracundos,10,1hFFbIMysMP8CfCgLvh7hh,57,0.537,0.353,2,-14.281,1,0.0289,0.427,0.0,0.143,0.502,84.302,150360,4
ChagallOS,Mei Chi Chiang,10,2WWDsBLNL4czuVcg7rjfy2,58,0.528,0.388,10,-11.685,1,0.0372,0.265,0.0,0.41,0.138,123.894,318333,4
Prelude In C Minor From The Well TemperedClavier,Steve Erquiaga,10,5W2p20QLbqKDYU93H7XyKg,25,0.41,0.15,4,-23.215,0,0.0636,0.993,0.91,0.131,0.449,114.6,184293,4
Tunnel Vision,Finest Dearest,10,6QrAEgJVpQdc95UeB9uUu3,0,0.39,0.8,0,-6.685,0,0.033,0.0351,0.492,0.115,0.279,127.593,294000,3
Gief Konjunkturpaket VI,Afrob feat Sarah,10,0dCOSNPQizhMMjO6UxGlzi,63,0.965,0.633,2,-6.392,1,0.101,0.0208,4.45e-06,0.0715,0.768,108.011,199000,4
Distractions,Dictafone,10,5a58bLVkKf5m5e30vEe86q,0,0.389,0.721,2,-7.448,1,0.0562,0.0112,0.00116,0.119,0.339,114.927,307920,3
On The Fast Track,Gerald Veasley,10,4ndSJTjkLNxzRjwqqjb6T7,1,0.597,0.722,1,-8.536,1,0.0575,0.54,0.0426,0.689,0.716,112.347,371400,4
Bridge To Canada,Noisettes,10,18lo2NAFVmOWikULVb2F5B,8,0.472,0.953,2,-2.166,0,0.149,0.0146,5.94e-05,0.0889,0.427,119.613,205093,4
Can't Help Falling In Love,Brian Dullaghan,10,0JDere4BzgxpSdDSp1De2r,0,0.708,0.237,3,-16.599,1,0.0306,0.478,0.000576,0.0523,0.7,90.228,192173,4
Que Ves Por Tu Ventana,David Saylor,10,4aMPdDaxByWAofpLSfujvC,8,0.594,0.648,4,-13.209,0,0.0322,0.0938,1.53e-05,0.188,0.883,138.312,237667,4
Yi Xing,Miriam Yeung,10,503wC9NcIqqjcFfmveS5Rp,4,0.48,0.825,9,-8.564,0,0.0869,0.0327,0.0,0.296,0.823,192.047,216360,4
Travel Song Reprise,Dora The Explorer,10,4YCOex6saOzBffMoaolHwn,13,0.826,0.881,2,-6.637,1,0.0593,0.654,0.435,0.0841,0.926,124.026,68987,4
Sensory Deprivation Adventure,From Autumn To Ashes,10,6VBD7wiua136eRfSAkEiZp,18,0.47,0.918,10,-5.773,1,0.0507,8.26e-06,0.277,0.395,0.457,92.964,173667,4
Juno,Sub Focus,10,3gtizQ7doQBpQr6ogtG1s2,9,0.444,0.947,6,-6.845,1,0.0512,1.18e-05,0.804,0.0483,0.131,173.996,320053,4
Cha Cha Brasilia,Bert Kaempfert,10,6DI27DJwyKSRrajKryEgg4,8,0.903,0.803,10,-8.864,1,0.0591,0.175,0.454,0.0848,0.978,122.436,151267,4
I Just Don't Know What To Do With Myself,The Dells,10,0bDmZQjKT019qFaTgUyXK7,3,0.525,0.876,5,-9.174,0,0.119,0.33,0.0,0.0718,0.458,101.358,414573,4
Meditations,Joanna Connor,10,2Iip4PFaIQw2B8V2i06e8v,0,0.386,0.16,7,-11.924,1,0.036,0.986,0.00789,0.131,0.144,85.915,177173,1
Depressionista,Every Time I Die,10,6ZNDxV5hpbVXp8vWzNpWvx,23,0.425,0.955,9,-5.295,1,0.0442,0.000308,0.0,0.0745,0.546,95.639,148933,4
She Left Me A Mule ,Sonny Landreth,10,2W8Fn6zYaIeyvhYSC8enxq,5,0.749,0.626,9,-10.029,1,0.0289,0.366,0.0405,0.253,0.834,131.496,212880,4
Mardi Gras Mambo Cajun Mardi Gras Album Version,JoEl Sonnier,10,3yMuTpQryBDMoeouELmT7X,47,0.821,0.51,5,-8.498,1,0.0717,0.235,0.0,0.139,0.516,119.994,168036,4
Dunn's Revenge,Paul Buckmaster,10,5PRIhOkh6TTQ3uHfezPPuY,13,0.435,0.00311,7,-24.576,1,0.0733,0.992,0.943,0.146,0.75,67.555,144771,5
Tough Guy,Open Hand,10,16Yjz8K40o4Z3DZ1iowXjC,13,0.425,0.933,0,-6.232,1,0.0454,0.000162,0.00183,0.668,0.707,143.93,187800,4
Le Bug Live 2005,M,10,3J4xOsYZkMAGzQ7H3X2soh,13,0.816,0.901,11,-6.715,1,0.171,0.185,0.393,0.855,0.165,119.976,259960,4
The Other Side,Super700,10,757s0bDqxA3vrDAd8NOHRI,1,0.586,0.716,6,-8.623,0,0.11,0.0999,0.0213,0.131,0.777,160.386,48120,4
5 4 3 2 1,Rob Mullins,10,6Uj8ru7TNLDIelbuQ8eBd6,61,0.697,0.835,6,-5.843,1,0.0912,0.00578,0.0,0.314,0.832,128.018,201387,4
Bluesanova,Daddy Dog,10,3SNbXPCzs2SCVwuETOFN1E,5,0.671,0.77,9,-7.921,1,0.41,0.214,0.0133,0.115,0.842,177.725,199667,4
Evergreen,Rubyhorse,10,50TyuSb2ngwkL8Hg6Wmyj1,3,0.508,0.814,2,-6.476,1,0.0511,0.00236,0.00805,0.195,0.315,129.893,266067,4
Rise,Eddie Turner,10,2Q7WPP6TEx3CqngMeb9ZP5,0,0.57,0.934,7,-6.268,1,0.0724,0.0101,0.809,0.286,0.714,91.143,306773,4
Sex French Version,Elli Kokkinou,10,0UmhP0TSzbRXwhfoiWBLPm,2,0.708,0.753,7,-6.519,1,0.0798,0.0475,0.0727,0.112,0.646,93.0,284667,4
Still In Love,Nick Cave  The Bad Seeds,10,3whOZocb64S2DkRibyTLR6,22,0.408,0.305,0,-11.291,1,0.0367,0.284,0.000148,0.171,0.0566,116.804,284173,4
Nena NeurA3tica,Alejandro Lerner,10,3QEWvj2NI5ybtUAVnwzmzF,60,0.563,0.603,7,-7.761,1,0.027,0.069,0.0,0.111,0.463,79.987,252840,4
Affaire Mokuwa,Kekele,10,7iZcDIeuwSW94dqqKqyKVe,11,0.846,0.752,2,-5.05,1,0.033,0.593,3.31e-06,0.0925,0.96,129.971,306867,4
Fantasia 6: Mudarra,Terry Muska,10,4yExhO3Vh6bLW32qU4DOOs,46,0.322,0.0558,2,-22.639,1,0.0501,0.992,0.936,0.0818,0.0707,85.068,346573,4
Hurry Hurry Baby Dj Edit,Fyah Blaze,10,0wjjRKE6Cbx2YMoTpDh4Zw,54,0.739,0.308,4,-9.867,1,0.0666,0.44,0.0,0.108,0.532,160.119,100946,4
Elektro Kardiogramm Live,Kraftwerk,10,4VHaDSeXRUVI7XIY87RFr7,18,0.817,0.789,0,-10.616,1,0.0428,0.00198,0.59,0.952,0.932,125.993,283200,4
So Different Blues,Mance Lipscomb,10,7KTF8lEGNY7BZjRiEsDluP,10,0.506,0.255,5,-14.763,0,0.043,0.916,0.0,0.153,0.567,78.969,185333,4
Antes Salsa Version,Obie Bermudez,10,6GkaozS29D52jUTkjIY85i,32,0.504,0.853,8,-4.175,1,0.0378,0.461,0.0,0.197,0.869,90.004,271507,4
Burning Skies,Tones On Tail,10,6CmXuuXstpcQeLL007qdti,19,0.379,0.505,2,-11.048,0,0.0325,0.00224,0.618,0.203,0.353,95.09,387107,4
Wanna Be A Player,Heavy D  McGruff,10,0KZdqVXej6dmPRH25vOhp0,10,0.838,0.742,6,-9.032,0,0.305,0.0719,0.0,0.269,0.719,97.013,161400,4
20000 Seconds,K's Choice,10,6zrSuv18vyjWRi8LDsIdQG,20,0.502,0.158,5,-15.237,1,0.0345,0.826,3.09e-06,0.157,0.367,112.821,144171,5
Degrees of Freedom,Rhian Sheehan,10,0VwOy3r0nMXlfPgjbdWF61,3,0.356,0.66,11,-9.886,0,0.0434,0.281,0.0447,0.108,0.543,89.74,406040,4
Losing Weight Part 2,Cam'Ron  Juelz Santana,10,5B811DzhBVXzc1xzYHOMQo,30,0.606,0.637,2,-6.271,1,0.327,0.00863,0.0,0.267,0.419,82.842,366093,4
Loving By Heart,Jeff And Sheri Easter,10,5OjG6M7EpuraPvrA95xoVt,4,0.593,0.687,11,-4.01,1,0.0278,0.486,0.0,0.131,0.487,119.914,183133,3
Here Comes The Hotstepper,Ini Kamoze,10,3QRM0qZB7oMYavveH0iEqx,66,0.889,0.454,4,-8.598,0,0.221,0.0141,0.000186,0.203,0.436,100.36,250467,4
Ninja Tattoo,Shanadoo,10,72womlnH7ISK3hKIJHciXX,3,0.573,0.955,0,-4.524,1,0.0361,0.00022,0.000633,0.0967,0.631,138.01,200840,4
Like A Deck Of Cards,Bedwetters,10,7dwkzuaSmSrHGFh1oFyc34,2,0.555,0.986,1,-1.395,0,0.0564,0.0051,0.0,0.374,0.633,101.99,203387,4
This Train Munk Edit,Who Made Who,10,08DP1KnqQvvjKOZtmeqFp1,2,0.768,0.72,9,-7.181,1,0.0591,0.304,0.729,0.116,0.194,138.01,480955,4
Mi Raza,Peret,10,2D8wHG5xEcEkE25D6Jri4i,0,0.53,0.379,5,-15.162,0,0.0407,0.39,6.47e-06,0.0658,0.599,78.749,286173,4
That's A Woman,Mark Wills,10,6PCod8dl8SUKRyzWLWIFew,12,0.407,0.299,4,-8.793,1,0.0292,0.416,2.85e-06,0.12,0.215,134.449,163507,4
Camelot,Richard Burton,10,7tMbKv5Lgl0fN0XJcTMs0u,7,0.71,0.328,5,-12.207,1,0.0383,0.836,3.26e-06,0.205,0.613,112.901,150333,4
No More Troubles,Sunnyland Slim,10,0vDXgOmD7prPGbMA3pzOn3,0,0.338,0.338,0,-12.11,1,0.0502,0.682,0.307,0.23,0.508,74.739,345107,4
learn Album Version,One Be Lo,10,3QGEa6Io8nhpRN48CcWJIS,3,0.535,0.792,2,-5.316,1,0.231,0.0532,0.0,0.13,0.237,93.475,164853,4
Bull Dog,The ShangriLas,10,6wzLLGFlWQ5jqTL13MU069,44,0.417,0.546,0,-8.71,1,0.0858,0.725,0.0,0.543,0.31,126.224,173533,4
Exodus,Quincy Jones,10,67ermmAbmAjFnuZgvUHCRB,19,0.598,0.3,0,-12.402,0,0.0292,0.867,0.0164,0.126,0.493,112.001,199613,3
Just In Case,Micachu,10,4f6JX68R4HAFPjRvXcknt1,12,0.563,0.616,4,-8.339,0,0.149,0.733,0.0,0.173,0.871,110.797,166427,4
Ocean Drive,Lighthouse Family,10,6jHBlKpIKNflU51QlsJx3v,58,0.616,0.698,7,-9.379,1,0.0315,0.0191,0.0279,0.1,0.879,90.655,228427,4
Generation Aliens,Lizzy Borden,10,4rxxj0ExDmQt575gfXJJ8v,6,0.315,0.996,11,-1.36,0,0.192,0.00404,0.000298,0.103,0.0968,145.683,268733,4
Electro nicpig,Electronic pig,10,7IIQhNYGKJB3Kojgp5IbL5,0,0.719,0.72,5,-7.072,1,0.112,0.00157,0.507,0.0919,0.625,138.029,218680,4
Ku Klux Klan,Steel Pulse,10,1ViW8CWCiUff8iwlSpeI1r,41,0.737,0.504,9,-12.201,0,0.238,0.0143,0.0,0.0543,0.825,130.56,215027,4
Bounce Back,DJ Spinn,10,2mI20kUdIyOaAhtgeonE4g,31,0.872,0.513,4,-5.556,0,0.303,0.0118,0.027,0.0856,0.929,160.014,158213,4
Heiliges Feuer,A Challenge Of Honour,10,5LTAMPb5vHLGDoDaGZ7m6R,0,0.538,0.64,9,-11.862,0,0.0384,0.987,0.918,0.0772,0.403,119.927,242240,4
Bumbo Red,Capleton,10,1uQKD9dBxAObXUGawY0FVR,7,0.878,0.667,7,-10.9,1,0.289,0.0875,0.0,0.0557,0.924,98.106,220267,4
Outside,Mariah Carey,10,5bRQLbNUqL8jx07dal6JHZ,37,0.329,0.393,7,-8.043,1,0.031,0.688,4.27e-05,0.108,0.0539,111.378,286067,3
Nature Boy,Rick Astley,10,7gqO9i6cMMwK47p1ikRlY8,12,0.679,0.368,0,-9.883,0,0.0251,0.427,0.00218,0.112,0.35,100.077,192093,4
Wings Off Flies 2009 Digital Remaster,Nick Cave  The Bad Seeds,10,0qHeP8zt2WWef7EWCs1ECj,63,0.735,0.403,4,-11.599,0,0.037,0.139,0.473,0.107,0.453,115.658,370573,4
Maybe Someday,Simply Red,10,2t42hHtJw3CqpF5UJ0uV1H,35,0.578,0.516,5,-9.915,1,0.0279,0.225,0.0395,0.0734,0.528,167.181,258093,4
Anybody Seen My Girl,Keb'Mo',10,1pxXCLQzTQiY3xEz1uNnRP,24,0.581,0.122,7,-14.725,1,0.0407,0.884,0.0,0.125,0.394,77.872,175467,4
Hey,Laidback Luke  Diplo,10,5uDXlTLTRcVRkLFXthqV7v,7,0.785,0.715,7,-5.633,1,0.0539,3.66e-05,0.903,0.0673,0.399,126.978,303429,4
The Vitalized Shell,Enthroned,10,51CThDH5Df1mxBQixhRHBU,1,0.668,0.907,1,-3.632,1,0.306,0.172,0.0,0.139,0.731,97.032,245992,4
Superconstellation,:Blacks On :Blondes,10,31Eufgi5LxlOuFKmAbbveP,0,0.799,0.792,7,-7.762,1,0.0556,0.00563,0.829,0.0749,0.466,128.012,315000,4
Good Friend,James Horner,10,7v6gPTFh81qnABc74TveEm,42,0.188,0.28,11,-17.162,1,0.0423,0.953,0.811,0.166,0.0904,103.577,206613,3
Contagious,Ill Harmonics,10,3ujYTKy483hRgIpaosFFGh,0,0.672,0.643,10,-8.456,0,0.352,0.00717,2.58e-05,0.173,0.418,94.357,267880,4
ManhAPS de Carnaval Morning of the Carnaval Cantando As MAosicas do Film Orfeo do Carnaval,JoAPSo Gilberto,10,2fQbtkh0GJLHbOCdbdb5Lm,52,0.699,0.0429,9,-23.85,0,0.066,0.868,0.825,0.114,0.529,105.336,147867,4
Carry The Light,David Lynch,10,3g75k1MHzLnDLzDc4OXv7P,0,0.563,0.357,8,-8.994,1,0.0379,0.775,0.000356,0.0913,0.619,82.772,214053,4
PDA,Backstreet Boys,10,5t8OBe3jR3yQ7CQWusiFOx,31,0.798,0.84,6,-6.559,0,0.0879,0.00518,0.0,0.142,0.867,122.958,228400,4
You Can Do Better Than Me Album Version,Death Cab for Cutie,10,01i8MZrj2g3sBCSANII4DF,35,0.652,0.401,7,-10.671,1,0.031,0.811,0.000236,0.18,0.48,101.239,119413,3
Ta Methismena S' Agapo,Angela Dimitriou,10,3RvbFknve6sU2lL1pVJNCJ,2,0.419,0.456,4,-7.479,0,0.037,0.505,0.0,0.584,0.269,122.759,230640,4
Sophisticated Lady,Toots Thielemans,10,5nkqUDUSepnl4T6j0vihvZ,3,0.429,0.231,8,-17.445,1,0.0517,0.895,0.431,0.146,0.573,70.53,178903,4
Intro,DJ Godfather,10,0UNenaYSZAZr35RC2KXjaf,2,0.791,0.591,11,-14.892,0,0.888,0.384,0.0,0.149,0.733,150.701,113162,4
Dragonfly,Diesel Boy,10,0t1CIfedJw9trqT9P8AtsN,6,0.387,0.976,0,-4.783,1,0.128,0.00397,0.000739,0.0773,0.635,106.514,140013,4
Waiting For You I Forgive You Before I Go,Mississippi John Hurt,10,1HUqtueokjIkk3L6OyOipu,2,0.57,0.286,5,-8.937,1,0.0562,0.954,0.0,0.11,0.524,159.561,271200,3
Le Petit Train MixAc Par Mark Plati,RaphaAl,10,4c09RSf8d6djYaA7eULKqJ,31,0.699,0.792,0,-6.331,1,0.0378,0.145,0.0316,0.152,0.937,134.995,349133,4
Dimitroula,Amalia Avgoustaki,10,4gqz1nuxEtavfGRFWKEr7W,0,0.744,0.625,6,-4.311,0,0.0312,0.132,0.0,0.333,0.855,120.004,182187,3
DendemAnner braucht das Land,Dendemann,10,3veeVe24gb6CjpZLw5rfzd,30,0.474,0.559,2,-5.691,1,0.341,0.154,1.21e-06,0.0978,0.283,179.083,177372,4
Acapulco Sunrise,Santana,10,7kBLctRTU0CnycYO2WoRFW,4,0.387,0.799,5,-8.743,1,0.0459,0.0358,0.741,0.123,0.875,140.431,155773,4
Just As I Am Arr  Different From Track One,Eden's Bridge,10,3Bonb0dieWzWGF89p8uemU,40,0.493,0.249,11,-9.766,1,0.0307,0.94,1.04e-06,0.104,0.269,124.68,196000,3
Popovic,Mando Diao,10,1bL1ticRoSrD6aXuL5eh35,6,0.377,0.867,4,-3.609,0,0.0324,0.113,0.0,0.208,0.676,131.501,301267,4
Christe Eleison Christ Have Mercy Center Of My Universe Album Version,Michelle Tumes,10,0eH7pAT2oXqC9XVNgqm2af,8,0.525,0.599,0,-9.48,0,0.0269,0.168,4.16e-05,0.0892,0.306,107.919,189160,4
Mopao,Africando All Stars,10,3R6e5QEJjEMEaLvWDXJTPh,17,0.671,0.666,0,-8.114,1,0.0426,0.638,0.0019,0.0918,0.933,167.668,275240,4
Make The World Go Away,Ray Price,10,5lOnHcsrO2LxlmzbUX6QG4,25,0.384,0.179,1,-14.983,1,0.0294,0.894,0.0021,0.245,0.422,68.964,152880,4
Chasing Monsters,John Wesley,10,1ZptmHEIKsmkZCNvMhmUIj,1,0.449,0.562,4,-7.975,0,0.0326,0.151,3.33e-05,0.149,0.143,148.167,271307,4
Pickled Heads,Elliot Goldenthal,10,4iecjmh8mg4hj9sJmEtEmG,0,0.422,0.514,4,-14.044,0,0.103,0.0405,0.0182,0.0921,0.21,132.387,305528,4
Hummingbird,Leon Russell,10,02UYBPv5ig1e7yZzEYP4G8,38,0.395,0.294,2,-12.325,0,0.0386,0.206,0.000454,0.273,0.621,173.442,242067,4
Nevermind It's An Interview,Nirvana,10,7HieNXpvYAg4bR7GeA3fxw,52,0.761,0.544,9,-8.037,1,0.0607,0.0741,2.02e-05,0.139,0.845,130.925,176421,4
Another Year,K's Choice,10,1ZXIju21hYcQJTUyRiQjTs,20,0.319,0.702,9,-8.622,1,0.039,0.0256,1.4e-05,0.305,0.483,163.682,210313,4
Baby It's Gonna Cost You,Frenchy,10,0RU96N7YEpv4AYnZ2YuFT4,0,0.551,0.595,0,-8.304,1,0.0456,0.483,0.0,0.108,0.818,142.329,198027,4
Welcome To My World Live,Tammy Wynette,10,3JaBmKJt1sNVlsJ6t4fgEU,4,0.375,0.702,3,-9.992,1,0.0549,0.591,0.403,0.174,0.693,163.437,83693,4
Touch My Body,Mariah Carey,10,2aEuXA1KswHlCGPOuPmCOW,69,0.714,0.665,4,-7.736,0,0.0509,0.0996,0.0,0.226,0.842,78.515,204733,4
How Insensitive,Charlie Byrd,10,6cp9YHi0GyzB4rvdAMwGvm,4,0.581,0.144,8,-21.097,1,0.0385,0.866,0.541,0.093,0.232,114.557,211160,4
I Remember amended album version,Lil Boosie,10,7qAwnjc2qPbpK1gB4VRwXW,70,0.517,0.571,1,-7.502,0,0.124,0.074,0.0,0.0982,0.428,144.745,173379,4
Please Remember Me,BB King,10,4COdypXNnBfIoh3G2f72wD,5,0.458,0.419,2,-7.376,1,0.0396,0.897,4.9e-05,0.113,0.339,129.805,197280,4
Phorever People,Shamen,10,1VAdsu7bFGNSaNXjN40OWy,24,0.697,0.939,10,-6.057,0,0.0578,0.0514,0.000107,0.17,0.797,125.785,225800,4
I Need You,Screaming Jay Hawkins,10,29SdkGqdxnE2pvPVdw0cDs,0,0.378,0.872,5,-6.114,0,0.114,7.5e-06,4.3e-06,0.135,0.592,171.665,122672,4
Sittin' On Top of the Wolrd,Bob Wills,10,3ZgrRbLGUtmtzmubeiRRIb,37,0.602,0.331,2,-11.308,1,0.0293,0.102,0.01,0.0484,0.696,82.637,179387,4
Dear Friend,Shunza,10,4TEUUH1LUrldJwRTZ7ox4C,38,0.49,0.15,3,-14.976,0,0.0358,0.897,2.38e-06,0.126,0.143,71.439,193173,4
I'm Over You Album Version,Rebecca Lynn Howard,10,6rjNi6lCftSfzMdlHmvZok,57,0.766,0.336,4,-15.641,1,0.0291,0.68,0.00357,0.251,0.487,106.053,183347,4
Banana Man,CJ Chenier,10,2zFgLxzeajGNCnhResMKaG,0,0.453,0.617,10,-9.641,1,0.0414,0.262,0.00435,0.379,0.756,111.516,268027,3
Venite Pa' Maracaibo,Guaco,10,1slSs0L6cxLCILzl0ex7Mf,23,0.779,0.784,0,-10.316,1,0.0533,0.367,0.0,0.292,0.973,112.871,265307,4
1987,2 Minutos,10,4EJVvjwtKQwivSsZMKaIE3,18,0.378,0.984,4,-3.962,1,0.145,9.96e-05,0.0,0.62,0.618,97.69,60840,4
Movin On,Katie Armiger,10,4H3rqFTUsyeMOLhTXjxmDn,46,0.486,0.543,10,-5.767,1,0.162,0.571,0.0,0.074,0.725,85.217,228341,4
Me quedo sin ti,Julio Iglesias Jr,10,4y3Z0J09P9w56YrBFDr8c3,1,0.575,0.839,2,-5.238,1,0.0287,0.182,0.0,0.0803,0.525,100.516,244493,4
Represent,Deathstar,10,5zVDOeMayhC0nWgOiwme78,8,0.483,0.938,6,-5.794,1,0.0741,0.00102,0.00616,0.139,0.48,142.366,122720,4
Castle of KoFW,Koordinate Of Wonders,10,41cqFvJ9jsxrWMRTHY0Li4,0,0.477,0.81,0,-10.023,1,0.0411,0.00602,0.309,0.125,0.0681,158.982,218500,4
No Quieras Marcharte,Los Chichos,10,2MN6OBmaoraciAC8ZZtykt,42,0.524,0.873,11,-4.626,0,0.135,0.814,0.0,0.314,0.939,88.494,193360,4
Zeit fA14r Streit,AITIEM,10,7jJUfG00mR9VtBeRdtU9H2,41,0.669,0.378,7,-14.968,0,0.0348,0.501,0.895,0.125,0.078,117.984,361385,4
ICU,Saigon Kick,10,07jcSoaVYBvRY1GRtHcJSH,1,0.525,0.887,0,-9.611,1,0.044,0.17,0.108,0.836,0.365,110.286,233613,4
War Of The Worlds,The London Theatre Orchestra,10,0xGrCkQcLYTGayPRJAF0Tb,2,0.35,0.444,0,-12.504,0,0.0441,0.25,0.938,0.386,0.404,129.296,123960,4
Night Time,Suicide,10,6edzy3LuhpgGVx34XJVUMc,1,0.384,0.71,0,-5.115,1,0.0321,0.559,0.85,0.873,0.21,101.575,394800,4
St Louis Blues 24Bit Digitally Remastered 99,Peggy Lee,10,0CczH75yFBo53bVqLRvYn4,57,0.674,0.195,0,-19.334,1,0.0341,0.858,5.4e-05,0.324,0.594,100.101,151973,4
Prijateljica,Donna Ares,10,0KpUtFJyZLmFZZjvpGdFAh,29,0.685,0.597,1,-9.43,1,0.043,0.0284,0.0,0.0603,0.531,100.019,255739,4
Colin Tries Standing,Zbigniew Preisner,10,4rMWOleiqB9RHO8vD8xYfW,23,0.551,0.115,2,-24.144,1,0.0777,0.965,0.928,0.113,0.13,61.736,53400,4
Don't Call Me Andy,Andrew WK,10,2NXHBTyZK7wYbLIroEDe0L,5,0.451,0.991,9,-2.768,1,0.0818,0.000812,0.00232,0.0759,0.378,120.084,165693,4
Something's Missing,John Mayer,10,4ibzxSKw3a6rtIorruN5GO,47,0.545,0.899,1,-3.41,0,0.0301,0.0989,0.000635,0.131,0.531,152.029,304440,4
NY Timbuctu,The Rongetz Foundation,10,7amRTs9aQLOejGZe0M6ME9,0,0.396,0.757,8,-8.084,1,0.0419,0.343,0.661,0.0724,0.729,136.794,456640,4
Witch Weed Live,Bongzilla,10,1qtitWm6np0Lg9koO1wvhy,7,0.161,0.941,9,-4.232,1,0.132,0.000127,0.307,0.192,0.183,142.961,396985,3
TelAa,HAclio Ziskind,10,6KBz6rMBZz7jQK48I3BueO,38,0.604,0.909,8,-4.194,0,0.061,0.199,0.0,0.178,0.907,98.039,245735,4
Testify,Phil Collins,10,4LNRM5kAfxwxUHfbFhndXx,42,0.533,0.735,0,-4.783,0,0.0265,0.01,0.243,0.154,0.102,85.085,391520,4
Time Will Tell,MxPx,10,4qfQGZiqFCboPrPyzGzyu1,6,0.553,0.938,7,-3.78,0,0.104,0.00244,0.355,0.0647,0.322,100.474,88747,3
Find My Way Album Version,POD,10,1gVCEnryJhkdQcuC0Kbvor,57,0.836,0.624,4,-6.75,0,0.184,0.187,0.0,0.138,0.7,103.0,139890,4
Dark Horse,Converge,10,4bDHr5yOmdI2nmbWvBpPS2,37,0.0935,0.989,0,-3.154,1,0.158,4.05e-06,0.807,0.147,0.108,175.469,174747,5
Unicorn,David Lynch,10,57cs5WS5gWNbiBbBznvnEd,0,0.441,0.389,3,-13.595,1,0.0393,0.681,0.177,0.135,0.207,132.211,618200,4
The way to Peace,Uman,10,4mgb95LhCj7NxwwbPKhfYM,1,0.7,0.384,7,-15.228,0,0.0403,0.618,0.0806,0.14,0.558,85.012,412027,4
Ain't Goin' To Beg You For That Stuff,The Hokum Boys,10,65huGsRAuA4WTaT37FEqef,0,0.517,0.209,5,-16.422,0,0.335,0.992,3.08e-05,0.157,0.528,69.755,209737,4
Horns Of The Bull,Penguin CafAc Orchestra,10,0gVBxg2d8Ss1M88ymbQIf7,11,0.484,0.498,2,-14.778,1,0.129,0.931,0.856,0.071,0.762,94.848,275360,4
Never Tell,The Primitives,10,2uDORCyAqbMgTEDFGw1WTC,5,0.507,0.891,9,-11.468,1,0.0421,0.012,0.00382,0.0322,0.924,99.679,172933,4
Downstream,Broadcast,10,0jYMiB8nBYk2MsuIQCigvP,0,0.564,0.0204,2,-29.167,1,0.0487,0.831,0.00671,0.115,0.334,140.013,179307,4
Killer Barracuda,Kris Kristofferson,10,0LYneQx7CEmZJseZ1MlVlT,4,0.548,0.234,0,-17.215,0,0.0349,0.35,0.000724,0.111,0.424,137.867,183000,4
Requiem Mass in D Minor K 626: VIII Lacrimosa dies illae,Vienna Concert House Orchestra Wiener SAngerknaben Ferdinand Grossmann,10,1BZqmDPc0dDsOLYER3BztN,3,0.209,0.0873,2,-18.628,0,0.0435,0.981,0.528,0.0975,0.0459,122.62,179107,3
Somebody Changed the Lock,Tarheel Slim,10,1xHX6hxTOt3hbrnrzCUWpz,0,0.78,0.127,6,-21.299,1,0.0766,0.994,0.934,0.106,0.757,87.267,153627,4
Reprise: TAo mi delirio  Guajira  Si te contara  El manisero,Chucho ValdAcs,10,5yasjvnBxjxb7eCwl5EU9l,33,0.38,0.27,5,-13.753,1,0.0359,0.159,0.807,0.0971,0.354,161.577,118187,4
Red Umbrella Album Version,Faith Hill,10,5EYWGM3Ns3iYew8ws0FatB,67,0.398,0.804,11,-5.559,1,0.0451,0.175,0.0,0.181,0.709,186.752,194307,4
Pop dat shit,DJ Omega,10,1Ajb1Vjym6L4rxQpRyQlRc,0,0.884,0.709,4,-14.298,0,0.146,2.16e-05,0.49,0.0579,0.871,80.023,217347,4
Ponto,Kali,10,4Inn7iySJR2KYBcNkUDNU3,0,0.394,0.481,0,-10.315,1,0.147,0.374,0.0216,0.177,0.0521,171.075,174913,4
Don't Know How To Be,God Lives Underwater,10,4MFGLoFgflvjfcomVlwXqy,12,0.542,0.909,2,-5.892,1,0.0484,0.000838,2.22e-05,0.0374,0.681,169.886,215360,4
Up All Night  Remix,Laron aka Swan featuring Alexander East,10,75L0qdzRnhwV62UXoNq3pE,66,0.606,0.811,7,-4.667,1,0.278,0.00782,1.49e-05,0.349,0.276,156.347,234333,4
In Da House Skit,50 Cent,10,6Bentip3gtofhOzUXhL6sG,23,0.901,0.694,6,-3.625,0,0.354,0.293,0.0,0.076,0.815,90.066,193467,4
Shit 3 Outro,Fly,10,5X8bjH6XskfuUm9MAche1c,36,0.872,0.54,2,-9.277,1,0.213,0.026,0.0,0.382,0.127,106.001,188265,4
Playing In The Dirt,Joanna Connor,10,0OZXSq05M7moJJY5V415fD,2,0.571,0.484,0,-13.547,1,0.0298,0.0629,0.000145,0.117,0.728,106.961,238400,1
Chela,Sonora Carruseles,10,69WJFX0x4py1uJo60HOCUA,3,0.723,0.699,1,-10.77,1,0.056,0.427,0.6,0.0841,0.717,105.238,220800,4
Oh No,Daniel Johnston,10,2P5FVZ90DJNEKF700Tz9if,6,0.24,0.184,8,-21.578,1,0.0338,0.991,0.88,0.114,0.331,70.939,236318,4
La Sitiera,Barbarito Diez,10,1JjVmkqEDf4AmPHRPGKYvr,17,0.476,0.422,2,-7.188,0,0.0318,0.685,0.0,0.215,0.77,119.118,170191,4
American JourneyIV Arts and Sports,John Williams,10,5jssEDz9LXmNAWB8OiTB78,6,0.369,0.31,2,-17.938,1,0.0381,0.853,0.952,0.108,0.364,139.505,157106,4
New Love,Ziggy Marley And The Melody Makers,10,6yI4JHTwOSu851QM7ogFej,34,0.719,0.432,10,-14.734,0,0.0563,0.0148,6.67e-06,0.333,0.656,86.322,221560,4
Charly Trip Into Drum And Bass Version Remastered,The Prodigy,10,0SPcF4MkE211u42ehWJtpd,23,0.659,0.892,1,-5.645,1,0.043,0.000175,0.687,0.112,0.451,145.056,312867,4
Fui Mujer,Juan Carlos Baglietto,10,5Ba7zNYhGobRxe2SeWVq4R,4,0.649,0.366,7,-12.054,1,0.0597,0.404,0.000932,0.106,0.297,89.948,262867,4
Let's Have Some Fun,Rodney O Joe Cooley,10,47lRXxzWUO9PoZDkJIR0lx,15,0.942,0.172,9,-18.977,0,0.32,0.00186,4.09e-05,0.083,0.288,99.6,227893,4
So Danco Samba Jazz 'N' Samba 1997 Digital Remaster,Wanda De Sah,10,5je0CDv1Z1hT82Nek1Fjhl,60,0.578,0.364,2,-15.162,1,0.0441,0.683,0.0539,0.105,0.723,78.073,216227,4
Two of a Kind,Frost,10,29ZEfLaalWP8wNQuZAdmBO,0,0.2,0.892,1,-6.204,1,0.0735,1.11e-05,0.0619,0.0901,0.0597,154.821,272760,4
CancAo Do Amor Demais,Elizete Cardoso,10,31qmV57ho2T38s9fB1xiuJ,52,0.594,0.138,11,-14.985,1,0.037,0.885,0.0,0.126,0.57,99.134,113546,4
El Amor,Jose Luis Perales,10,02PDEtcbjtjIyllnqTZc7i,57,0.408,0.531,2,-5.601,0,0.0256,0.543,0.000198,0.223,0.446,98.025,251520,4
Why Baby Why,Hank Locklin,10,1wuexg7XgHZq6vw9QZctK7,11,0.605,0.381,7,-9.673,1,0.0477,0.78,0.0,0.0882,0.812,150.999,143827,4
Common Tear,Novika,10,4uWoG9NbC2IiEibbEu5Ol1,1,0.737,0.505,0,-9.305,1,0.0304,0.111,0.0125,0.109,0.424,100.012,214440,4
Going Back To Memphis,Memphis Jug Band,10,0itxIT8eTnWmVD50cbJ76h,2,0.732,0.379,1,-11.918,1,0.0515,0.892,8.5e-05,0.265,0.844,143.14,147215,4
Kangaroo Blues,Moon Mullican,10,5b8bROdyNnrcSuQ1rQECRW,32,0.585,0.341,8,-13.808,1,0.046,0.972,0.941,0.191,0.562,119.812,166966,4
Looking In Your Eyes,Suicidal Tendencies,10,6JsqXMSLV4LdTwBN80agU2,21,0.116,0.916,4,-9.628,1,0.0745,8.68e-05,0.351,0.321,0.32,176.268,169867,4
Garbage Dump,GG Allin,10,6ulZzaQasYpNuLZpc7Xphe,5,0.441,0.609,10,-12.051,0,0.0541,0.473,0.0,0.276,0.645,85.549,143600,4
Do It To Me,Sasha,10,37kgHlkT7xNsBNq0TXPo5T,1,0.913,0.534,7,-7.989,1,0.034,0.149,3.48e-05,0.21,0.972,116.011,183160,4
Right To Work,Chelsea,10,7LBMl0Ssk0vr02JnHw9HV9,19,0.311,0.908,7,-6.307,1,0.0769,0.000419,0.00021,0.0926,0.58,152.743,185880,4
Quitxalla,Gertrudis,10,0AWZZXiCMwSkZTxGkn7uFZ,1,0.741,0.955,4,-5.051,0,0.0436,0.277,0.0,0.268,0.754,112.001,228227,4
Eu E A Brisa 2000 Digital Remaster,Maysa,10,0v3BdswACvqzzTjKg3eq3n,34,0.416,0.3,1,-8.64,0,0.0284,0.593,4.4e-05,0.33,0.37,103.302,201373,4
On Tha Rox,King Tee,10,5oOk8m74m3mDbJthxGvgZo,17,0.847,0.918,7,-6.633,1,0.369,0.0823,0.0,0.329,0.894,91.72,109134,4
Bury Your Head,Saosin,10,663XpYXOdyF2zv4bTIXffh,44,0.319,0.926,6,-3.865,0,0.0487,0.000121,0.000978,0.338,0.359,166.051,214453,4
Telephone Song,The Vaughan BrothersStevie Ray VaughanJimmy Vaughan,10,5JpzTcYa9V9HaIHKh1X3Qp,29,0.727,0.886,8,-8.022,1,0.0652,0.0867,0.000567,0.3,0.856,117.963,208427,4
Did You Ever Go Steady,THE CHIFFONS,10,6NncnqjbpzSYdfU6txENax,10,0.434,0.514,9,-4.784,1,0.0341,0.796,0.0,0.177,0.689,123.739,140240,4
In John Fahey There Is No East or West feat John Doan,John Doan,10,1PAMHTdOQAmB7oxhVq2jUA,44,0.454,0.314,0,-13.838,1,0.0319,0.868,0.922,0.143,0.252,95.901,155600,4
Everybody Wants To Go To Heaven,Freddie Roulette,10,3eFs9IcTa1JSqPRub9J3l6,0,0.644,0.436,2,-11.036,1,0.0295,0.744,0.168,0.118,0.668,102.802,232867,3
Hoy Es Hoy,Memphis La Blusera,10,7yDjAYR3giHJlPqhi36eRm,18,0.676,0.745,6,-6.485,0,0.0296,0.0789,6.72e-06,0.304,0.698,107.98,246427,4
Une petite pause,Pascal Sangla,10,6TyQldKDsPAbIsuBMbwhbZ,0,0.536,0.272,9,-14.858,1,0.0281,0.511,0.873,0.0677,0.301,92.845,243800,4
Molly Darling,Eddy Arnold,10,2aMBmN2N5V9LR4IV8M5Iyu,7,0.418,0.12,0,-14.853,1,0.0329,0.682,7.41e-06,0.165,0.354,107.03,154787,4
Three Little Words,The Refreshments,10,76cMRr7SKNMcWvxVJxSBq6,19,0.354,0.442,7,-9.781,1,0.0282,0.551,2.94e-06,0.289,0.593,67.748,222707,4
Kapitel 4,Oliver Kalkofe,10,4Ii6x1WK1c6l0pflnabxIG,2,0.715,0.322,5,-15.739,0,0.954,0.438,0.0,0.235,0.375,83.711,185447,1
All Burned Out,Savoy Brown,10,6ElIpxmz19mT8MBvRAiZiK,2,0.466,0.879,9,-11.776,0,0.0399,0.0368,0.000168,0.453,0.555,75.773,171627,4
Siyabonga Unreleased Bonus Track,Zimbabwe Legit,10,4djyP83Aq8tUDXH1Zt7akr,35,0.589,0.547,0,-10.764,1,0.159,0.0295,0.391,0.226,0.44,150.985,389000,4
The Ram And The Scorpio,Alphonse Mouzon,10,0sSRoOt6auRbN5PXVY3VsZ,2,0.486,0.89,7,-11.242,1,0.0756,0.00556,0.446,0.0302,0.584,97.32,353130,4
El Ventilador,The Party Group,10,1RrYn4ajx1knu2vsmxF47t,0,0.824,0.474,11,-22.975,1,0.0482,0.216,0.0,0.0568,0.965,122.975,190000,4
Excerpt Of A Speech By Marcus Mosiah Garvey,Buju Banton,10,73hgGhQVnyTbnJkp8cZlqo,3,0.699,0.438,6,-14.346,1,0.915,0.995,0.893,0.174,0.506,71.561,56840,3
She's So Tough,Mink DeVille,10,2ut79NgkwNSRrS7haO5tTI,32,0.632,0.452,4,-13.997,0,0.0326,0.187,0.0918,0.465,0.811,109.104,166267,4
Been Sick Lung,Eason Chan,10,6GmounlaN3fNLvd2tEyjb0,4,0.752,0.844,9,-7.134,0,0.0453,0.0144,0.00114,0.0372,0.627,129.995,321507,4
He Never Changes,4Him,10,7dZkTnmu8KdOCd5FGd79b0,11,0.417,0.653,8,-11.446,1,0.0579,0.639,0.0,0.133,0.558,75.627,269067,4
ChamamAc crudo,Chango Spasiuk,10,40MgqdMQ5lD6ElTsG69YaX,12,0.426,0.554,7,-10.423,1,0.0988,0.158,0.23,0.706,0.321,112.901,375093,4
MerryGoRound,MAPtley CrA14e,10,39uLYYZytVUwcjgeYLI409,68,0.239,0.287,7,-12.565,0,0.0388,0.876,0.644,0.122,0.185,71.608,311107,3
MerryGoRunaround,Bob Hope,10,39uLYYZytVUwcjgeYLI409,68,0.239,0.287,7,-12.565,0,0.0388,0.876,0.644,0.122,0.185,71.608,311107,3
Tonight Will Be Alright,Lionel Richie,10,2Jr12fpsMdIM6weoUDMf9u,26,0.646,0.84,8,-8.213,1,0.0283,0.0591,0.0141,0.0516,0.716,125.188,307413,4
Mother Mother Mother Pin A Rose On Me,Kitty Kallen,10,45i70K1PefHafKui2WxH0M,69,0.512,0.525,5,-7.152,1,0.0429,0.672,1.66e-05,0.112,0.337,128.054,197080,4
Stereophonic Presentation  Process And Passion Pt 4,Roger Reynolds,10,4UvHlPKCcFw2Fckuw0ZDm2,0,0.417,0.0828,2,-20.973,1,0.0543,0.935,0.0727,0.162,0.185,80.698,158200,3
Inhume,Inhume,10,3x4iQKx76Z75clde4n4Vdx,3,0.178,0.975,6,-4.39,0,0.0875,1.18e-06,0.958,0.0691,0.0355,111.023,185347,4
Frei zu sein,In Extremo,10,3vPaPBNLzETr9ZAfda5KIc,16,0.337,0.98,9,-3.833,0,0.126,1.86e-05,0.125,0.956,0.226,169.92,226307,4
Dans un grand mur,Bonita  Jerry Cormier,10,70J84rkajJYbDQefd0eFsf,0,0.627,0.664,9,-7.519,1,0.0282,0.516,4.22e-05,0.152,0.923,134.988,140440,4
FRIENDS IN FALL RIVER  LP Version,Silverstein,10,29dljceloiAgAeARUwZ3QC,60,0.433,0.952,4,-3.177,0,0.18,0.00301,1.6e-05,0.406,0.296,184.055,193920,4
Classic Material,Casual,10,6s6BdSAETJPmVBO232AU2n,1,0.511,0.841,2,-4.341,1,0.33,0.00441,0.0,0.0429,0.64,185.143,188067,4
Zindegi,Chantal Chamandy,10,7aCOySJVFed2cvo16ECN3j,0,0.497,0.609,11,-7.14,0,0.0447,0.674,9.5e-05,0.154,0.335,169.879,256160,4
I believe,Casual,10,7b7fP7mk5arxC8Z7OvkoxB,15,0.647,0.302,4,-11.976,1,0.0657,0.801,1.46e-05,0.104,0.377,127.766,240467,4
Empress So Divine,Warrior King,10,7iovhyFj1iPsrMVWLkEbAi,15,0.632,0.63,10,-4.851,1,0.0704,0.162,0.0,0.0385,0.728,80.66,224280,4
And He Loves It,The Kitchen,10,6NR3bcfVhOaNP6zmtXITiu,0,0.317,0.922,0,-5.324,0,0.125,0.0909,1.4e-06,0.124,0.428,147.453,135853,4
4tx31b,SUP,10,3j56h3vIpslBzeeKn1y4wT,2,0.296,0.883,0,-14.75,1,0.0415,6.75e-05,0.634,0.0448,0.663,154.419,275160,4
I Could Use Another You Digital ReRecording,Eddy Raven,10,09iyGiljLWRYXdRazFkdtJ,65,0.638,0.634,6,-6.474,1,0.0468,0.214,0.0,0.0866,0.473,92.097,196422,4
Seven Drunken Nights,Ronnie Drew,10,0iin490lT8lUt9yjeq4P1b,19,0.602,0.54,9,-9.056,1,0.0511,0.583,5.75e-06,0.137,0.93,117.946,195013,5
Apostasie,Konexion,10,2IsInFXJxkeYwcVNtC0pUk,23,0.234,0.965,1,-4.582,1,0.0842,3.15e-05,0.786,0.0449,0.159,111.488,426280,3
Hourglass,Borialis,10,4BPY5xtNGUcZDzxDM0DpnU,10,0.485,0.94,2,-5.674,1,0.0507,0.000145,0.0,0.175,0.714,87.092,239267,4
Lets Go Amigos  Tail,Johnny Pearson,10,7H8WC2aAZezweZZ9Hts54P,0,0.784,0.51,0,-9.507,1,0.0501,0.111,0.44,0.364,0.883,116.477,19973,4
Precious Lord Take My Hand,JoEl Sonnier,10,1brEYIDs0UzKUJ59509D6X,1,0.486,0.365,0,-6.784,1,0.0288,0.41,0.667,0.129,0.34,92.218,214507,3
Waheera,Arturo Sandoval,10,6TGBkqYwwCaqay7jTMxsRD,7,0.643,0.356,5,-10.419,0,0.0331,0.735,0.924,0.0726,0.149,100.006,314440,4
Mood Ring,Paul Thorn,10,7zzOnxqwUORyuQDCkagZ3i,12,0.641,0.409,7,-8.105,1,0.0279,0.258,0.0,0.1,0.491,80.176,236533,4
Bad Influence,The Robert Cray Band,10,7wGbo0VjDxlaCACBCGeIEL,19,0.671,0.801,1,-5.388,0,0.0661,0.12,0.00093,0.77,0.415,116.113,230133,4
Jean Dominique Intro,Wyclef Jean,10,4wwRROf47MXBX5u5Knwixx,57,0.87,0.614,1,-8.694,1,0.251,0.00564,5.95e-05,0.123,0.644,98.931,191533,4
Old Friends,Stanley ClarkeHerbie Hancock,10,2zQl59dZMzwhrmeSBEgiXY,56,0.724,0.414,1,-11.19,1,0.0588,0.262,0.111,0.0785,0.719,146.939,388960,4
Djessy,Kanda Bongo Man,10,1DXuSbfpI071KkF82Efgog,8,0.682,0.666,0,-12.961,1,0.0387,0.387,0.00362,0.314,0.714,132.266,554886,4
Family Galaxy,Tim Exile,10,45MWbRXgBKnLfBwKpPV8MT,9,0.251,0.76,10,-7.059,0,0.121,0.000414,0.798,0.094,0.367,174.858,305573,4
Diamonds From Sierra Leone,Kanye West,10,34KUIBsIUiPV7oCIzSdDAU,59,0.672,0.814,7,-3.768,1,0.27,0.258,0.0,0.164,0.379,97.043,233400,4
Visions,The Mystic Moods Orchestra,10,7ixGgMi3cXT5eLCFEp74hn,8,0.241,0.124,0,-30.185,1,0.047,0.344,0.0468,0.358,0.13,115.218,209173,4
Destined To Win,DeGarmo  Key,10,5UoDfw3Gm8RXqff4wcmbRs,32,0.674,0.661,4,-9.351,1,0.0318,0.531,8.32e-05,0.119,0.75,120.016,203436,4
Rock CoKane Flow,De La Soul  MF Doom,10,6RBMpENxbx74lTdR5SBcaF,61,0.733,0.67,10,-3.532,0,0.132,0.119,0.0,0.442,0.763,86.983,185267,4
The Modern Rome Burning,AntiFlag,10,3F3WJuZLS5I5aOcQLCbMGK,59,0.32,0.979,4,-3.52,1,0.0966,0.000225,9.82e-06,0.214,0.434,105.425,181441,4
Roll Back The Rug,Ionics,10,2GzCsR40PgCvRzXhvXXrQ3,0,0.502,0.656,5,-9.529,1,0.0616,0.51,6.43e-05,0.105,0.288,136.033,142185,4
Mistadobalina,Del Tha Funkee Homosapien,10,0KQd3QY1Y8zC2rfO4ZBQRC,55,0.85,0.797,10,-7.429,0,0.136,0.0964,8.38e-06,0.34,0.63,99.615,260307,4
Master Mantrol Dub  Instrumental Reggae Music,Mikey Dread,10,0rnvaoPMIl2HfpH6dNrO9w,2,0.755,0.315,9,-18.87,0,0.0628,0.0618,0.806,0.0632,0.662,141.391,261787,4
Lose This Skin,The Clash,10,0TQwoYnLVBiIEmaMFbzOEc,29,0.527,0.925,2,-7.034,1,0.0462,0.0399,0.0306,0.233,0.601,120.363,309293,4
Baby LP Version,Prince,10,2QSUyofqpGDCo026OPiTBQ,59,0.864,0.826,10,-5.496,1,0.0814,0.23,2.36e-06,0.0663,0.596,118.955,373747,4
Mambo Tipico,Tito Puente,10,0fxqN1rUcdrFbGbdYXCTSw,6,0.524,0.962,9,-2.818,1,0.0387,0.79,0.41,0.175,0.672,145.13,179599,4
Warhead Live in Croatia 1993,UK Subs,10,5z1KCqdJ8QJt9GGv7HKyF3,0,0.267,0.529,0,-16.212,1,0.0554,0.322,0.0,0.628,0.442,160.93,242160,4
Great Big Problem,FFH,10,7nYXeLCXe5qGoL3ooonLLs,2,0.477,0.762,2,-5.516,1,0.0297,0.108,0.0,0.334,0.505,81.035,264067,4
Concerto No3 In D: Allegro,Francis Lai,10,5crzvov4KwD5yGNQYvXvLP,16,0.465,0.48,2,-12.846,1,0.0283,0.763,0.547,0.31,0.924,96.134,155200,4
Where Do I Fit,Tonic,10,1gdNjjhpUlN2gaIacNQYKF,15,0.435,0.694,2,-4.789,1,0.0298,0.000345,0.0,0.158,0.382,156.057,189706,4
Don't Stop,Flame,10,06LroJoGPvkcsjVPv7IvpG,44,0.595,0.714,11,-5.002,0,0.0668,0.0467,1.59e-05,0.114,0.834,176.14,229345,4
Take The Wheel,Pacha Massive,10,7zURVOqfMxzRW6Tsjm7sdD,1,0.74,0.464,2,-8.546,1,0.0439,0.00949,0.0106,0.209,0.762,102.044,212267,4
I Heard It Throught The Grapevine,Creedence Clearwater Revived,10,2tpPgG8Xkdbhn5xf77EVPP,55,0.917,0.627,2,-8.045,1,0.0407,0.105,0.004,0.0588,0.745,117.577,233067,4
Back Then,BoDeans,10,578saIxGlAHHMHPj2fmshI,1,0.595,0.78,9,-5.646,1,0.0475,0.11,1.12e-05,0.21,0.585,148.085,216253,4
Gosto de VocAa Demais,Reginaldo Bessa,10,2YEz8Ug6W6ZRKNzd8tnooY,31,0.484,0.602,7,-10.497,1,0.0486,0.879,0.0097,0.481,0.563,149.78,251333,4
Grustnaja,Markscheider Kunst,10,3NTQZzI3tPr1fQColo2HBa,1,0.709,0.45,0,-13.879,1,0.0393,0.0228,0.00352,0.0628,0.96,139.972,223869,4
Good Enough,Evanescence,10,0eHxqgbpr2ptXQtw8Ab3ve,51,0.39,0.208,0,-11.402,1,0.035,0.913,0.000348,0.124,0.0546,114.838,331360,4
Sugar Buzz,Russell Malone,10,48y0tsb2i5MaJLUHgvu9Fo,1,0.396,0.494,8,-13.137,1,0.0406,0.805,0.816,0.264,0.717,115.62,286667,4
Sunday Morning Sony Connect Set,KOS,10,5CR9hEJh8zuhrlE40oXKby,18,0.379,0.342,8,-14.478,1,0.0279,0.524,8.87e-05,0.455,0.821,78.21,252600,4
Brand New Broken Heart,NewFound Road,10,60Zy7bng2xGSiW8ZUFdUEo,16,0.583,0.845,7,-5.185,1,0.0326,0.561,0.138,0.321,0.862,111.456,177880,4
Livin' Above Your Head,Jay  The Americans,10,36bdQ20bomVkGt6FGD96lu,13,0.602,0.566,0,-10.499,1,0.0349,0.683,0.0,0.557,0.87,125.157,174640,4
Alma de BBoy,El Gran Silencio,10,1PvgScUjIL64RpdweRVmE7,22,0.774,0.79,2,-7.345,0,0.0469,0.0199,0.0,0.108,0.711,119.982,208613,4
La maison ou j'ai grandi,Bonita  Jerry Cormier,10,0g2PLHZu27xcNLi7IlhBo9,0,0.606,0.405,2,-10.499,1,0.0306,0.719,0.0,0.0812,0.483,123.797,211067,4
Tu Me Desesperas,Adalberto Santiago,10,1ZLopImd6BQ46SRJa7RRZ0,23,0.717,0.854,2,-2.714,0,0.0373,0.674,0.000878,0.341,0.917,103.019,301960,4
The Story get It On,Tanto Metro  Devonte,10,1qmACxi6NO6jIh4bYvTqmY,0,0.752,0.741,7,-6.197,1,0.259,0.147,0.0,0.448,0.713,77.283,240773,4
V,Zeromancer,10,7FrkDZeld2fWazZec34xqF,12,0.553,0.832,2,-7.387,1,0.045,0.056,3.64e-05,0.11,0.149,120.007,280520,4
Love Without Fear,Katie Armiger,10,6nFbSzJvxMWFbO11s8PmbH,20,0.227,0.14,9,-15.263,0,0.034,0.647,0.0,0.11,0.0653,155.514,172000,4
Honey Fingers,Richard Galliano,10,0PL0XrIzjYRsZRbpm11wpx,1,0.46,0.455,0,-15.176,1,0.0923,0.505,0.0132,0.279,0.513,93.361,196840,4
The Magic Violin,Hot Club Of Cowtown,10,5IZPwu9ImtvHWrVd302Lv6,0,0.637,0.762,11,-8.895,0,0.0681,0.494,0.793,0.159,0.961,148.036,166520,3
MefistofeleSpunta l'aurora pallida,MichAle CriderVincenzo La ScolaSamuel RameyRiccardo Muti,10,0h4Yg2192HQ8jHEcGj2Piy,39,0.249,0.151,1,-20.443,0,0.0383,0.977,0.905,0.0598,0.0395,69.814,716720,3
Army Of One,Cass Fox,10,6ZUHf66y2nkzSIL0Fkkr4B,1,0.543,0.866,2,-5.581,0,0.0517,0.0706,0.0,0.087,0.644,178.958,253400,4
SBY,An Cafe,10,6wub4zlR70UyZJRPMLrmOJ,4,0.56,0.808,2,-5.462,1,0.215,0.00415,0.0,0.214,0.62,169.902,80327,4
Good Girl Gone Bad,Rihanna,10,6g1B0hd6rlT3xP3mERUnz8,52,0.708,0.553,5,-6.319,0,0.0262,0.0335,0.0,0.101,0.589,94.977,213213,4
Battle Of The Tom Tom,Shaman,10,6BYdncjoukiTuXkiYBmk3R,1,0.72,0.72,1,-10.245,0,0.0546,8.13e-05,0.785,0.1,0.0338,138.012,447853,4
Keep The Change,Joe Bataan,10,2gh9CN8UbdF5qlZYdNWKzy,14,0.65,0.954,5,-7.559,1,0.0581,0.103,0.745,0.0903,0.902,105.066,199387,4
Vankina vapauden,Markus,10,0VSL5UiKctGXASxGdd6dGT,1,0.543,0.505,5,-10.229,0,0.0385,0.712,0.0,0.133,0.692,96.783,189360,3
Send Me The Pillow You Dream On,Hank Locklin,10,5zVjs89nsOIT7I90ETawau,40,0.595,0.308,3,-11.626,1,0.0333,0.84,4.08e-06,0.0942,0.624,119.755,147440,4
You've Lost That Lovin' Feelin',Fontella Bass,10,3EKOSLzxQ2mkFHocg2m3EG,10,0.382,0.496,5,-9.929,1,0.0268,0.48,0.186,0.101,0.638,103.777,204613,4
Drive,The Cars,10,2lFFiNm0XtgJ6wkdncTB4k,70,0.261,0.703,6,-7.871,1,0.0414,0.115,0.00078,0.102,0.405,83.495,234332,4
City Of Screaming Statues,At The Gates,10,3TCpsMZMpfprDU9xvHAiTX,10,0.308,0.981,0,-6.887,1,0.127,0.00303,0.046,0.0931,0.191,94.738,279267,4
Macht hoch die TA14r,Thomas Battenstein,10,4V0rrbFdfzLbcV3WOYjXXa,52,0.424,0.848,3,-6.181,0,0.0376,0.000117,0.824,0.0996,0.0593,95.506,330827,4
The Same Old Innocence,Architecture In Helsinki,10,7qkfs7TdDhaZ9l4YUf2UeU,50,0.741,0.331,9,-14.398,1,0.136,0.643,0.00206,0.107,0.35,83.93,208693,4
Born To Be Together,The Ronettes,10,61xuOY4bOj3Z75SrUQ2Aqa,20,0.309,0.562,7,-8.014,1,0.033,0.229,0.0749,0.294,0.27,133.706,179347,4
You're My Love,Michael Stanley Band,10,0XfqZKwPCGN7XlDNDx63pc,5,0.398,0.878,0,-8.248,1,0.0344,0.0801,1.3e-05,0.23,0.881,143.798,164067,4
Who Did You Think I Was,John Mayer,10,5e7ati4Dx5ax2YapfnV5FS,48,0.249,0.951,7,-6.026,1,0.143,0.0139,0.337,0.795,0.448,96.474,263373,4
The Story Of My Life,Bobby Vee,10,3KCCIE4LJr4vz0xm2gb3Jq,1,0.685,0.497,11,-7.385,1,0.0329,0.601,0.0,0.0931,0.738,127.478,151093,4
Tetrispack,Modeselektor,10,5RLcUeFpz5GfV8rcAvWysQ,14,0.761,0.784,2,-7.951,1,0.313,0.08,0.821,0.0917,0.649,102.977,256267,4
Feel Like Blowing My Horn,Robert Lockwood Jr,10,1WtrnL5ozTrAskOV4h3ASv,1,0.78,0.259,2,-10.929,1,0.0424,0.775,0.0122,0.0756,0.651,89.956,274640,4
Tule illoin,Fredi,10,6IrWwu7pORoSV7tq5g2TPy,0,0.266,0.35,10,-13.519,1,0.029,0.812,0.00146,0.146,0.207,166.521,181360,4
Akhan Nay Sharab,Pardesi,10,46CIEjuUjzMKKjYzuCRdaX,1,0.668,0.783,11,-12.773,0,0.0835,0.135,0.0,0.0786,0.96,90.799,263533,4
China,Tito Puente,10,53ogsxXRsThpWX1qQy2jlK,11,0.644,0.407,9,-12.387,0,0.0392,0.582,0.842,0.201,0.691,132.193,295373,4
When Rules Change,Life In Your Way,10,2WuKKQMvz3aCzjGSewcEda,1,0.293,0.939,5,-4.773,1,0.0851,0.000171,1.13e-05,0.784,0.302,91.838,198053,4
Dido,KAckAclAc,10,35C086Yh0F6hw6pyPIvobP,57,0.539,0.407,8,-8.604,0,0.04,0.587,0.0,0.0776,0.614,79.548,154507,4
La Blessure,Eric Demarsan,10,2N9y81YbTMsWHIzcumBTSs,16,0.597,0.503,4,-11.468,0,0.116,0.696,0.0,0.108,0.145,125.289,184320,4
Mostly Tha Voice Explicit,Gang Starr,10,5fTEAlbus94isuRuQqQts2,31,0.759,0.566,8,-10.212,0,0.214,0.069,0.000813,0.13,0.855,91.349,218333,4
There Is a Way,Jeff  Sheri Easter,10,4Z6lq3ZT8brEyM2v4YvLko,2,0.544,0.843,9,-7.921,1,0.0382,0.354,1.74e-06,0.238,0.825,156.035,242000,4
Jig: A Chailleach do Mharais MAc,Willie Clancy,10,6q9om5AErloWxguDk1h7Rk,9,0.343,0.398,11,-8.522,1,0.0303,0.91,0.626,0.493,0.85,92.485,102387,3
The Muddy Morning Hymn,Shaman,10,6rvhmEwAscjPaCPeLWX4P2,44,0.383,0.0123,2,-35.099,1,0.0293,0.926,0.958,0.107,0.0297,90.788,96710,3
Te MentirAa,Gian Marco,10,3LSRGvBWTdnUBJC32oBFnZ,52,0.748,0.718,4,-8.131,1,0.0612,0.266,0.0,0.241,0.627,100.001,227800,4
The DropOff,The Tragically Hip,10,08zO0p5o1AGXMk5E8cvzyS,52,0.691,0.59,4,-11.552,1,0.0388,0.00353,0.013,0.112,0.34,121.871,277200,4
Shirley,Lil' Band O' Gold,10,2HI3NQ6kyTGrfIyY5D3OZA,0,0.694,0.75,4,-9.988,1,0.211,0.393,1.46e-06,0.104,0.885,146.917,150627,4
Ouragan,Oldelaf et Monsieur D,10,5kdnqli3DlLMEr1zEcsBwL,7,0.507,0.00279,0,-10.091,0,0.0769,0.738,0.000152,0.175,0.973,120.329,540827,3
So Ist Das Nun Mal,Andreas Dorau,10,35gRADehpX6Q6yxndKPNga,13,0.831,0.94,1,-4.891,1,0.0395,0.119,0.568,0.318,0.946,123.69,235000,4
Vargbrodern Talar,MAYnegarm,10,6JkXseK0IuECpn9Fp9ZKMJ,16,0.505,0.735,4,-6.368,0,0.0424,0.414,0.0114,0.112,0.375,163.001,92773,4
You Can Make It Album Version,Douglas Miller,10,55jGs7F207EpY0Oe9MDRET,17,0.401,0.858,5,-10.18,1,0.0699,0.365,1.33e-05,0.772,0.536,105.12,247093,4
Sweet To Mama,Frank Stokes,10,6KQciGDaFzsamaTqTnm9Dr,0,0.571,0.369,3,-11.635,1,0.0409,0.973,0.000822,0.183,0.895,149.799,174613,4
This House Is Haunted,Alice Cooper,10,5XcZRgJv3zMhTqCyESjQrF,73,0.28,0.908,2,-5.509,0,0.109,0.0327,8.85e-06,0.18,0.26,118.698,270080,4
The Everclear Song,Roger Creager,10,0sEwjr0w8m1VocRGpadSwW,42,0.691,0.446,7,-11.01,1,0.0316,0.035,0.0,0.138,0.532,115.035,246160,4
Let the People Dance,Michael Bloomfield,10,4aWZIBCBMQEgMna9JpgW90,43,0.477,0.607,9,-8.33,1,0.0471,0.256,0.146,0.107,0.64,87.301,258800,4
Requiem Mass K 626 1791: Agnus Dei Larghetto Mozart,Choir  Great Symphony Orchestra of the AllUnion Radio N Shpiller S Krassovsky V Gagarina  N,10,4HwQUYEHODAq2nr6ea2O7s,40,0.159,0.0587,5,-21.573,1,0.0454,0.966,0.787,0.128,0.0319,107.998,209000,4
part 2  Winterlight,Stephan Micus,10,5YvY66JItF2jFFKeB27pmO,59,0.442,0.0992,0,-22.153,1,0.0346,0.983,0.852,0.0975,0.213,113.645,189907,3
Quiero Ir Ao Mar,Carlos NuAez,10,66uQ7miUP5LRFy38PeR5zf,16,0.572,0.573,4,-17.176,0,0.0371,0.000615,0.691,0.216,0.205,120.093,153608,4
Blues Do Elevador,Zeca Baleiro,10,0ugOThqk1Ay2NvtFyXtgvj,9,0.457,0.417,9,-11.345,0,0.0324,0.503,4.24e-05,0.789,0.261,84.712,257521,4
Alguna Vez,La Portuaria,10,13Sh5MAlGQrKyOMBY3hog8,12,0.593,0.769,4,-14.145,1,0.039,0.0094,0.226,0.116,0.959,112.039,147960,4
Let The Drummer Have Some,fIREHOSE,10,4pcxDDBXdtwY8VAYd1tUSM,7,0.405,0.986,11,-22.921,1,0.102,0.4,0.813,0.35,0.0208,113.12,61827,3
The Contracting Perception Of Consciousness,Rui Da Silva,10,2KhYdGZKZVJxqVABVKX3u5,0,0.887,0.522,11,-12.774,0,0.0799,0.00677,0.656,0.104,0.76,123.011,448627,4
Kassoule,Tabu Ley Rochereau,10,68YHaUw4ke6zodZp9cjrtb,3,0.647,0.467,0,-9.579,1,0.0366,0.937,0.00113,0.119,0.863,150.153,175200,4
You And Only You,FFH,10,5PeNUiHFZJ3GHajrPtSM2A,3,0.619,0.79,3,-5.252,1,0.0283,0.00553,2.15e-05,0.119,0.578,116.46,215507,4
Could You Be Love,Mariano Yanani,10,2vjs6jgbArocA6KTVVdIML,29,0.898,0.911,7,-4.722,1,0.185,0.00417,0.159,0.484,0.595,119.996,262000,4
Dirty tarraxa 2 feat Neuza,Nichols,10,36MFe9msTO346PNw5iUyQ9,4,0.484,0.738,7,-5.526,1,0.176,0.185,0.000409,0.0581,0.814,171.827,188760,4
The Date  LP Version ,Scott Weiland,10,3KVaG9ITsX3jC9khEF7fDx,32,0.587,0.758,7,-4.934,1,0.0561,0.148,0.000381,0.368,0.598,138.129,392293,4
I Am a Rasta Man,Wailing Souls,10,47tj8LVxGzw3GtRVWfbl6L,12,0.899,0.23,10,-16.833,0,0.204,0.338,1.31e-06,0.0461,0.824,130.354,215407,4
Say Something featuring Jean Grae Album Version,Talib Kweli,10,7qje9qxLncMESiPeI27SAn,62,0.555,0.713,11,-4.549,1,0.0911,0.0845,0.0,0.712,0.725,79.934,240920,4
Blue Blue Day,Don Gibson,10,4xWohADqZ5oFXcFOiC10l4,41,0.76,0.404,4,-12.059,1,0.0317,0.828,1.24e-06,0.0836,0.974,100.07,113880,4
To Pouli,Angela Dimitriou,10,0WGbznecitSYUMEaYba4YW,0,0.614,0.74,2,-5.439,1,0.0575,0.323,0.0,0.616,0.901,111.729,78720,4
Sheds And Weeds Barracos E Arbustos,JosAc Roberto Bertrami,10,2qSTeiL2bS7bz1wGR21Tty,1,0.596,0.341,7,-16.013,0,0.038,0.437,0.753,0.11,0.468,100.631,204867,4
Que Arribi L'Estiu,Dijous Paella,10,469IABpa5UmEIcS4v2xwpD,9,0.868,0.92,7,-5.12,1,0.0918,0.303,0.0,0.147,0.92,104.029,253989,4
Zornig,Dynamite Deluxe,10,7HOHkcYEx26VPBrrpLwmrG,17,0.711,0.583,9,-6.438,0,0.0737,0.00194,0.0,0.366,0.225,87.85,146760,4
The Wickedness,Paul Glazby,10,6HEGrl1lOKglK6VklYK8w5,0,0.674,0.904,11,-8.634,0,0.0485,3.63e-05,0.797,0.107,0.587,146.979,517551,4
Your Bad Heart,Mothers Pride,10,4lHa1KB9c6aVnf03bZi9ty,0,0.386,0.592,9,-6.312,0,0.03,0.0481,0.0,0.192,0.447,180.183,187933,4
Amigo Con el Coro de Infantes de la Basilica de Guadalupe,Yahir,10,4nFtSbyWmaCd8Y6n7eyynk,3,0.636,0.716,2,-6.064,0,0.0352,0.14,0.0,0.145,0.787,143.912,253280,4
For Tomorrow live,Shaman,10,2nvA4zy1TCllMuNWwT5pmX,24,0.244,0.96,5,-3.84,1,0.145,0.000372,0.00176,0.908,0.107,115.507,404733,3
I Hate You,The Stolen Minks,10,2fa3DKWlxMINFOHM7gItKU,0,0.214,0.89,2,-2.052,1,0.0449,0.232,0.976,0.486,0.679,122.81,56427,4
L'insidieuse Live,Richard Galliano,10,6Q8m3ux9ww9OMXlK7OrFkL,38,0.33,0.0685,5,-16.607,0,0.0366,0.991,0.546,0.0858,0.181,77.309,217880,4
Pinini Reggae,SUMO,10,07EmSBY7syIism45UtBPZa,42,0.853,0.475,8,-11.592,0,0.122,0.0163,1.4e-06,0.0998,0.962,101.811,215280,4
Roger Milla Stadium Mix,Pepe Kalle,10,5qK6qYX9N0ZXuGE2wwl6dC,34,0.647,0.886,7,-7.071,1,0.0425,0.103,0.0881,0.129,0.832,140.164,369480,4
Cent Mille Guitares,Line Renaud,10,6bNEw96ACPUeYbWnj9piZA,0,0.707,0.847,7,-2.919,1,0.0349,0.787,0.0,0.126,0.967,127.903,159773,4
Somebody Sing,Wayne Watson,10,2jSVVB6qGRMCDtagPZYDVs,0,0.641,0.728,1,-8.168,1,0.036,0.00134,0.00158,0.0861,0.525,125.891,228667,4
Come On Shake My Feelin',Smiley,10,2kO7vo8q3ZDQWZqysO0cxi,0,0.734,0.599,9,-7.097,1,0.0642,0.501,0.0,0.601,0.708,109.716,186027,4
Summerfish,Leonid Rudenko,10,2rVoUSkbUS0dbKrHkZN2mi,27,0.673,0.939,6,-5.344,1,0.0964,0.0218,0.884,0.0821,0.0373,130.738,357160,4
The End Of The Line,Metallica,10,3KFtAMirz8dF1gApXdWMRf,42,0.335,0.985,4,-2.383,0,0.0921,0.000115,0.000807,0.135,0.202,106.552,472360,4
Amidar CCCP Mix,Rui Da Silva,10,2im35ODzLItmeJsgkMKgul,0,0.553,0.94,10,-6.514,0,0.164,0.000509,0.384,0.314,0.949,194.964,444907,3
Dreaming Of April,Out Of The Grey,10,1yP4yc4UD7pLYquVylSvg8,4,0.32,0.482,7,-8.982,1,0.0354,0.509,1.37e-06,0.0763,0.289,175.139,225512,4
Valentine's Day,V Sinizter,10,7tz1HgyMa1q1WsUAydgY3z,0,0.754,0.76,6,-5.789,1,0.307,0.206,0.0,0.219,0.516,91.824,205662,4
Sicilienne,Steve Erquiaga,10,50aD8k1yW6c2mDdN03SyJx,4,0.279,0.0786,9,-28.157,0,0.0415,0.96,0.876,0.0698,0.379,148.371,225347,3
Army,Tunsi,10,1v6f1GuEaGDdud5V4oUcBL,0,0.0,0.318,1,-10.691,0,0.0,0.988,0.0,0.482,0.0,0.0,12667,0
Way Beyond,32 Leaves,10,1aAXQc0Pub5SLKOm078Snr,36,0.366,0.642,11,-6.271,1,0.0326,0.000151,0.0,0.132,0.474,138.222,233800,3
Russian Doll,Flink,10,6FtnAtNtKn1NTecDqXSPG4,0,0.488,0.906,11,-4.164,0,0.0423,0.000122,0.00271,0.206,0.616,131.964,273720,4
Nordcore,Pyranja,10,3oNn4skfPqpWh7DcfgWnVp,0,0.728,0.742,10,-4.191,0,0.173,0.119,0.0,0.0696,0.6,89.24,228440,4
Voices,James Newton Howard,10,43FTtRFa7IbuxwgoUtK3cY,3,0.129,0.116,2,-28.923,1,0.0386,0.433,0.826,0.86,0.039,83.529,95800,4
Tell It Like It TIIS Album Version,The B52's,10,66BjgQodHebiX5QGpBAjyQ,58,0.542,0.461,2,-7.071,0,0.0286,0.465,0.0,0.177,0.629,94.214,164560,3
Undertow,Jackson United,10,2Zv95uoSB1H4puVfAYbovF,50,0.434,0.726,7,-5.482,0,0.033,0.0351,0.288,0.476,0.7,92.751,203560,4
Sanddollars,Why,10,4fEAr9GlBwbLZ12E3y0328,18,0.587,0.751,9,-5.077,1,0.0361,0.433,5.45e-05,0.312,0.39,116.071,224160,4
Amergences: III Fragments d'Acpaves,David Palmer,10,4vboPyW29H2sAjUWUrOvnh,51,0.402,0.177,9,-18.283,1,0.036,0.949,0.917,0.125,0.178,134.692,170971,4
You Turn Me,Vickie Winans,10,5siYKGif8VnB3bhFnvbF8N,2,0.703,0.909,5,-5.658,0,0.0711,0.292,0.0,0.181,0.83,89.938,349600,4
4202002,Pearl Jam,10,5lHgBqh9VwAAzQma55gHRY,65,0.281,0.493,7,-9.461,1,0.0284,0.0519,9.15e-06,0.101,0.167,60.772,196187,4
Chira,Nikos Kalaintzis,10,4dfyggogM6e02bVGWqoVBo,30,0.583,0.527,10,-12.456,1,0.0355,0.687,0.0,0.211,0.686,129.552,170000,4
Turn Me Around,Drouz,10,0RmXtDH1cBMGImRrmn5xL6,64,0.677,0.682,9,-6.879,1,0.0361,0.0405,0.0,0.0351,0.875,106.279,192107,4
Lonely Street,Boots Randolph,10,7vZGeHYfj1LgkQCnGIUf8c,7,0.528,0.368,0,-11.659,1,0.0325,0.792,0.865,0.205,0.555,68.809,148240,4
Bootleg Rum Dum Blues,Blind Blake,10,2CQ2nnyD4hGLQlTkiUNa2M,0,0.701,0.117,9,-17.766,0,0.0497,0.995,0.0844,0.116,0.664,88.405,178103,4
I'm Mad,EPMD,10,4ZMcU9RJ3oeIQWpza5KK9D,24,0.71,0.713,0,-9.824,1,0.34,0.103,0.0,0.365,0.554,108.589,222093,4
Noches Arabes,Los Fabulosos Cadillacs,10,2Yq3tHP4hUu1A9IL5BPRaN,2,0.788,0.463,0,-15.906,0,0.0495,0.0312,0.791,0.0683,0.796,124.832,190307,4
This Is NOT a Crass Song,AntiFlag,10,1jvqZQtbBGK5GJCGT615ao,56,0.546,0.875,1,-3.631,1,0.0445,0.0205,0.0,0.0669,0.765,101.693,192067,4
Stay Real,Erick Sermon,10,6jaj4k0LwFLy1q54TXZZpZ,36,0.789,0.757,11,-9.232,1,0.215,0.0088,0.00696,0.625,0.525,97.641,235467,4
Indita Mia Album Version,Alacranes Musical,10,2D9tYpHiJiNZGsJIIGyvN6,10,0.331,0.464,0,-5.062,1,0.0533,0.167,0.0,0.0915,0.755,166.161,284120,3
Untitled,Dino,10,2l4gpn5WqT12W6j0HqYoSU,0,0.274,0.945,10,-1.632,0,0.347,0.0105,0.0395,0.0921,0.0377,108.994,406707,3
Don't Let My Teardrops Bother You Album Version,Dionne Warwick,10,1cOj24fUMnBSXhtp7waHVW,55,0.673,0.286,8,-14.643,1,0.0313,0.294,0.0,0.086,0.199,120.117,256467,4
If Loving You Is Wrong I Don't Wanna Be Right,George Faith,10,0jgY6AAMVn5pMkMQPKHtS1,0,0.743,0.529,0,-14.1,1,0.133,0.068,1.03e-06,0.0558,0.51,119.839,277106,4
Toby,The Chi Lites,10,1dLAfmoZ6bJY7vu2Ql2S30,25,0.482,0.593,8,-7.354,1,0.0286,0.222,2.28e-05,0.347,0.585,131.346,230613,4
Lightning Breaks,Plasmatics,10,1l4RosxGDjtluvrtLEZ04l,5,0.383,0.728,0,-6.379,1,0.0602,0.046,0.000742,0.112,0.558,132.029,222400,4
Red River Falling O rubor sanguinis,Richard Souther,10,1YwQOcEn4h7baGBxfgUfyI,1,0.593,0.262,2,-16.066,0,0.033,0.857,0.862,0.118,0.0398,110.365,283267,3
Amor a Medias,HAASH,10,1zzwIjjJSTaKWB4PuuWMeC,55,0.593,0.76,9,-5.007,1,0.0293,0.161,0.0,0.349,0.562,137.012,254827,4
Manila,Martin Denny,10,3DIZ06K4QcOyVCmPMZemsc,21,0.665,0.312,0,-18.015,0,0.0634,0.557,0.44,0.0829,0.727,126.058,147707,4
You Were There,FlAskkvartetten  Daniel Bellqvist,10,0C3shWEOObGT5IxApC7Mkg,73,0.571,0.845,6,-4.4,1,0.0595,0.0549,5.5e-05,0.081,0.409,163.884,195365,4
The More I See You,Eliane Elias,10,1Fg2CbRUrIMx2G1XIB8NqX,36,0.605,0.493,7,-11.455,1,0.0289,0.837,0.039,0.0807,0.683,128.705,251827,4
Breakdown Live with Brett Dennen  Mason Jennings,Missy Higgins,10,3gMXWQp0igciv8ItfnreGF,9,0.544,0.0875,9,-13.466,0,0.0398,0.888,0.0,0.0817,0.36,100.628,185587,4
Medley,Mick Moloney,10,7jOpLNcEzwwlzE1LMLPQu5,9,0.374,0.7,2,-11.511,1,0.0394,0.938,0.963,0.172,0.98,116.077,204973,4
Mamma pettenami,Chorus Line,10,35PLAMr636iISMP4jtRTjh,0,0.474,0.182,2,-14.378,1,0.043,0.994,0.0287,0.307,0.261,42.436,150987,4
Sous Les Ponts De Paris Valse,Jo Privat,10,2ZV9OPhMoN07yBni1BRtus,13,0.698,0.435,0,-6.271,1,0.0287,0.517,0.00266,0.301,0.923,98.483,148693,3
Time After Time,Ann Hampton Callaway,10,7eleK2MUqRCZXMcrqmkqXB,4,0.418,0.099,0,-20.123,1,0.0381,0.917,0.0129,0.0868,0.244,102.549,314027,4
Prison Bound Blues,David Evans,10,2stxsikoiLH9N67lMwJH22,0,0.705,0.449,2,-8.609,1,0.0335,0.758,0.00334,0.141,0.474,86.011,250560,4
Rainbow '65 part 2  Live,Gene Chandler,10,6Hy22YDN9HJMRlJP1LwnJy,55,0.422,0.28,5,-11.277,1,0.0365,0.824,0.0,0.297,0.496,100.839,147841,4
Werther  Lyric Drama in four ActsAct IRAave Extase Bonheur,RamA3n VargasVesselina KasarovaVladimir Jurowski,10,60htBqtaKmRB4IquiO2fAw,35,0.482,0.0291,8,-26.945,1,0.0306,0.92,0.891,0.0974,0.239,61.118,70607,4
Whispering Grass  Original,Dee Clark,10,71c7zYLsgE7YO21JVkCy0n,30,0.709,0.317,2,-12.507,0,0.0349,0.632,0.0,0.502,0.596,117.292,147633,4
Aqui Estoy,Mr Grillo,10,2b9AO1xpXIjKeroevjfkCv,1,0.859,0.685,4,-7.42,0,0.0968,0.442,6.53e-06,0.124,0.779,95.988,211250,4
Air On A Six String,Oscar CastroNeves,10,1DUtybpeDeWV7rHwbNUKT4,40,0.705,0.0223,0,-27.934,1,0.0434,0.994,0.934,0.115,0.221,132.084,85233,4
One Scotch One Bourbon One Beer,Champion Jack Dupree,10,7HuxOLIN2PTcmbebTbAUdf,25,0.432,0.667,0,-7.849,1,0.0439,0.127,0.000294,0.181,0.907,173.727,254200,4
Searching,Buju Banton,10,1Z4tL30fmwgXe16lER36Tb,15,0.723,0.87,2,-7.348,1,0.185,0.206,0.0,0.214,0.854,172.828,253960,4
Within Album Version,A Perfect Murder,10,4XBtYPGMAYJkuJu2w4pmYl,62,0.505,0.932,6,-2.894,0,0.0412,0.00115,0.000195,0.135,0.486,120.008,263973,4
Hell On High Heels,MAPtley CrA14e,10,0sgnJ5LFjEy2IuQ99NEZ1C,59,0.655,0.547,6,-5.829,1,0.0406,0.177,3.78e-05,0.118,0.383,132.226,194387,4
Be Healthy,Dead Prez,10,1XFRw25rwKCYk3KFqUQZjt,41,0.78,0.482,2,-8.6,0,0.321,0.461,0.0,0.217,0.669,85.978,154160,4
The End Live In Mexico,My Chemical Romance,10,1HLuOVDTWAFNVmmDvyrwmi,32,0.204,0.906,11,-9.925,0,0.373,0.0693,1.85e-05,0.521,0.187,178.226,154307,3
Love Can Break Your Heart LP Version,Michael McDonald,10,5GvWrvLIqoHroq7YvO260M,64,0.734,0.485,4,-13.865,0,0.0465,0.357,0.00019,0.0401,0.933,95.321,222280,4
FutureNow LP Version,MC5,10,3iYNJX4FTRGlfMQySjlGNr,60,0.875,0.813,7,-4.502,1,0.0579,0.00618,0.0,0.321,0.859,114.993,184882,4
Binaural Presentation  Kokoro Pt 5,Roger Reynolds,10,6T1uXDrTHhntc3swzo87Kw,0,0.141,0.00281,9,-43.249,1,0.0542,0.863,0.0183,0.0862,0.0354,93.918,313667,3
Dub It,JC Lodge,10,1L5k0BjYzVNauv3j23KT8q,0,0.73,0.408,9,-13.372,0,0.0564,0.215,0.182,0.115,0.798,76.257,286667,4
Da Shit,The Game,10,6VQhqoS9sPSTPFWeSRDL14,34,0.646,0.831,6,-2.219,0,0.13,0.000608,0.0,0.303,0.426,85.972,323107,4
Sweet Lover Hangover,Love and Rockets,10,6RiySuHE6JfFgI4HptZaVF,35,0.509,0.751,10,-9.297,1,0.0308,0.00128,0.547,0.126,0.498,97.026,306827,4
She's Got Me Singing Bonus Track,Billy Butler,10,1McClHTPrlm8y05QIVb82y,26,0.656,0.518,4,-6.342,1,0.0247,0.394,1.91e-06,0.118,0.375,128.923,284613,4
Terraplane Blues,Scott Ainslie,10,4uhxfkBV450W1wrNOiEHql,0,0.774,0.388,2,-10.246,1,0.0433,0.859,0.00209,0.0789,0.773,103.711,208120,4
Rumpu lyAP,Solistiyhtye Suomi,10,0XPPvCHEe0BrxYJ1pV4Vnn,43,0.775,0.487,2,-11.048,0,0.122,0.673,0.0,0.203,0.921,127.385,151480,4
Provisoirement,DASOLA,10,3VgQYtmBpV2KnZ76HM4Cye,19,0.67,0.95,1,-6.108,1,0.267,0.0885,0.829,0.124,0.711,125.021,141740,4
Need To Shout,Architecture In Helsinki,10,0AFrwPmRrgfiNCPzvXoKVd,8,0.604,0.614,9,-10.213,1,0.11,0.336,0.00185,0.36,0.491,139.898,250267,4
Queen Ida Introduction,Myrick Freeze Guillory,10,2NXRtSiZNR2coeukxaigb7,0,0.324,0.385,1,-23.204,1,0.867,0.753,0.0,0.396,0.143,168.465,55467,3
Goodbye Solo Version,Billy Bragg,10,38paDDziQ57k1f4VfKTeGk,60,0.622,0.736,9,-9.229,1,0.0292,0.422,1.18e-05,0.0829,0.723,110.24,298533,4
Pobre diabla Directo 09,Carlos Baute,10,4J9RZ980bKaF8SyV8EVjXq,17,0.683,0.944,9,-4.474,0,0.0574,0.234,1.38e-06,0.971,0.49,91.989,236773,4
If Your Na Na Get Wet,Baby Bash,10,1OsXfVUmi8MgePrO2Sktks,1,0.754,0.779,0,-3.874,1,0.137,0.0073,0.0,0.109,0.821,77.987,310693,4
Runaround Live Version,Van Halen,10,05RgAMGypEvqhNs5hPCbMS,74,0.526,0.978,8,-5.436,1,0.108,0.00122,4.75e-05,0.0744,0.451,141.167,210227,4
Wasted Love,Tora Tora,10,5vh1oEv1Rj4XkdidWD1dXT,54,0.658,0.455,8,-9.136,0,0.0509,0.867,0.00845,0.251,0.261,92.786,181500,4
Narechenny Izgoem,Kruger,10,7EDGRYnkrkbxQmZPHdZ6Lr,38,0.455,0.253,0,-16.713,1,0.0368,0.822,0.945,0.184,0.342,129.904,218293,4
I Dunno LP Version,Georgia Satellites,10,6XW7xsdWQUXPCI1qDJ4kPi,21,0.858,0.571,11,-6.546,0,0.124,0.284,1e-05,0.14,0.532,139.867,134954,4
MafuA,Yamandu Costa,10,4BcmPOnvvHLz4HP9alWXJq,13,0.477,0.332,2,-13.546,1,0.0384,0.945,0.88,0.108,0.829,106.04,191033,4
I'll Be Glad,Elvin Bishop,10,7Cr1apSjz2BYImBHKo0vqJ,2,0.521,0.757,0,-4.233,1,0.0954,0.553,0.0,0.127,0.898,200.463,335707,4
Completeness,Minnie Riperton,10,1vbyyqt8cPI9L7B9ruCbPp,32,0.367,0.476,1,-9.936,1,0.0328,0.749,0.0131,0.0981,0.364,108.975,216280,4
Programmed to Consume,Abysmal Dawn,10,4Wpv7nxwl9NMJstHNYP0xJ,7,0.407,0.986,1,-6.494,1,0.286,0.000364,0.275,0.121,0.111,125.317,261427,4
My Fault LP Version,Faces,10,36WabQN781ejYiSWKQAzDD,66,0.592,0.321,7,-14.251,1,0.0382,0.904,0.0,0.143,0.493,137.838,60870,4
Long Lonesome Blues,Blind Lemon Jefferson,10,61xIILUc109ghd6TM5x39r,3,0.367,0.239,2,-14.569,1,0.0428,0.996,0.913,0.408,0.455,93.631,192293,4
The Girl I Find LP Version,The Impressions,10,1c6emiIFvolnfMKFowPLNM,10,0.377,0.453,1,-9.13,1,0.039,0.466,3.21e-06,0.0847,0.403,76.036,159307,4
Marca de Amor NAPSo Sai,Sylvia Patricia,10,4I9NzkApTrmidEnb4L4zYD,23,0.621,0.364,8,-10.59,0,0.0254,0.824,0.000166,0.125,0.589,100.692,187800,4
Virgen De La Nieve  14String Guitar Solo,Stephan Micus,10,5KcXXgFVlZT9MaMoke7SCi,41,0.68,0.531,5,-6.311,1,0.0297,0.752,0.0014,0.358,0.916,118.236,156133,4
I've Grown Accustomed To His Face I've Grown Accustomed To His Face,Shelby Flint,10,4y5OwAHF30LRNyLmLEDERb,4,0.305,0.181,5,-13.942,1,0.0326,0.916,8.72e-06,0.521,0.179,96.77,121267,4
Container,Kaizers Orchestra,10,6u1wOJtOsbOuw1aAicSw3i,15,0.504,0.797,1,-4.351,0,0.0543,0.0131,0.0,0.171,0.791,138.02,140121,4
Anillo de compromiso,Antonio Bribiesca,10,1xrbHOFGesKE09i4ji1wKV,16,0.635,0.317,7,-11.863,1,0.065,0.936,0.922,0.102,0.471,142.086,182753,3
Apologize,DJ Nasty,10,1WXKgS8uGT8YBZEKRqubMQ,0,0.766,0.924,1,-3.574,1,0.051,0.00568,0.000986,0.0758,0.791,130.002,231692,4
Can't Stop Mind electric Remix,Cabin Crew,10,6IwkmWfIAkCPyeQTcEtOkV,5,0.734,0.949,10,-3.868,0,0.131,0.245,0.798,0.305,0.294,128.058,194973,4
Je n'irai pas ailleurs,France D' Amour,10,2gLFwnKgi5aPIKCo6tYzPR,40,0.537,0.633,5,-6.379,0,0.0242,0.0163,0.0,0.213,0.478,91.497,215560,4
African Typic Collection,Sam Fan Thomas,10,0M4G8bLXP5HEfZPG5WDKUm,30,0.716,0.871,2,-8.416,1,0.0597,0.0568,0.0258,0.104,0.821,124.636,390767,4
Atomic Beat Boy Album Version,Helen Love,10,2owZK9bEyEJ5oKNxaVp6CR,12,0.452,0.947,8,-10.382,1,0.0387,9.64e-05,0.352,0.304,0.793,141.97,216760,4
The Beginning,Salt The Wound,10,3ON7uFPiZBLhShbn1JTWCa,14,0.394,0.927,10,-9.902,1,0.0828,0.00045,0.827,0.161,0.304,145.015,96720,4
Le clair de lune A  maubeuge,BAczu,10,3qLAmz2gLKS9b6Naq6Od17,39,0.56,0.0246,1,-26.491,1,0.116,0.995,0.967,0.0901,0.127,73.515,136347,5
Just My Imagination,Cornell Campbell,10,41X5FFa0Bpr3Q1kGtdlpDe,6,0.744,0.437,5,-13.368,0,0.0408,0.16,0.0,0.113,0.772,89.04,377400,4
Once,Harry Connick Jr,10,4RdBt6qu3f8gA3PeUXotim,24,0.703,0.321,10,-10.602,1,0.0529,0.591,1.62e-05,0.0587,0.627,78.03,236933,4
July,Al DiMeola,10,01ukjuoBp5fsuiR8rObzWq,7,0.636,0.686,1,-10.219,1,0.0386,0.323,0.815,0.12,0.77,103.001,319800,1
No SAc  Lo Que Hacer,Los AutAcnticos Decadentes,10,0639sfoRA7sW4fGS1EzcQu,66,0.587,0.639,7,-8.065,1,0.0357,0.395,0.0,0.68,0.789,116.499,249307,4
Coming Back For More feat Colin Corvez,Daniel Paul,10,11IEcrrtqOa37TZtyDcs8v,40,0.431,0.692,0,-5.922,1,0.032,0.00832,0.0,0.095,0.321,139.954,191757,4
Now Baby or Never,Barbara Lusch,10,7GaJfnpt1ldLTPv0k6GpUP,0,0.845,0.709,0,-6.438,1,0.0556,0.504,0.0,0.163,0.827,138.398,259747,4
Damit Du Dich in mich verliebst,Lara,10,7GRtgUiHrDbvZ6MLf4sQgE,0,0.667,0.593,2,-5.559,1,0.0251,0.792,0.0,0.281,0.495,82.023,193000,4
Get that Girl Remix,Mother Superior,10,2j5UDgc8OwWXKgzuYG92ap,0,0.484,0.715,6,-6.911,1,0.0725,0.0484,2.26e-05,0.118,0.794,144.818,170173,4
This Christmas LP Version,Donny Hathaway,10,38xhBO2AKrJnjdjVnhJES6,52,0.634,0.645,5,-9.2,1,0.0376,0.292,0.0,0.246,0.677,93.047,231173,4
One I Love,Coldplay,10,5YahO7aySL2lyj6DW2tS9q,37,0.44,0.776,2,-6.661,1,0.0356,0.109,0.507,0.365,0.367,134.009,275267,4
Sitting In A Dim CafAc,Conway Twitty,10,6vmAgl2y9MpoZKrVUXrPe5,61,0.276,0.235,0,-14.352,1,0.0315,0.94,1.01e-05,0.132,0.472,170.55,149133,3
IRM,Charlotte Gainsbourg,10,5cTcupHSgywUQFU7RzWfAJ,26,0.75,0.604,11,-8.278,1,0.0351,0.00603,0.725,0.12,0.327,120.135,154964,4
Slave To Love 7 Version 2009 Digital Remaster,Bryan Ferry,10,1c9dnQbOzw01ID7X2IsYOE,68,0.661,0.818,2,-5.9,1,0.0291,0.182,0.000995,0.0527,0.79,147.544,266333,4
Going Down,Bryan Ferry,10,1c9dnQbOzw01ID7X2IsYOE,68,0.661,0.818,2,-5.9,1,0.0291,0.182,0.000995,0.0527,0.79,147.544,266333,4
Mr Goose,The Charms,10,1cjcPKWj2kpiiPSO2yLDRV,0,0.438,0.848,10,-6.066,1,0.0756,0.585,4.37e-06,0.376,0.942,174.369,151133,4
The Buzzard's Back in Town Live,Pumpkin Buzzard,10,60FLMJYro9fpoXcO7TkbYx,0,0.136,0.995,7,-5.968,0,0.279,0.837,0.961,0.087,0.0351,181.42,61707,3
Follow Me Up To Carlow,Planxty,10,2b6ulXSZpOwY7kwm6qKzQw,41,0.57,0.459,4,-9.379,0,0.0443,0.812,0.0,0.112,0.921,141.943,144720,4
Estate,Eldar,10,6xuGXwHCqR3hCFPwjYw9Ac,2,0.309,0.0714,2,-20.356,1,0.0322,0.954,0.775,0.127,0.059,70.62,379200,4
Harmonia,Pitch Black,10,45DG1AgoROyw2Wm5Ip9xzL,8,0.649,0.236,9,-18.235,1,0.0471,0.26,0.912,0.09,0.0377,74.918,413605,4
Apples in the Trees Live,Mirah,10,5htfQwbpmChNnUcbKNBld4,1,0.599,0.256,0,-8.877,1,0.0509,0.83,2.1e-06,0.118,0.395,117.821,159907,4
Infantil Dedicated to John McLaughlin,Gonzalo Rubalcaba,10,30zRmUHrhtTOsB0lawvoaX,1,0.467,0.545,2,-11.89,1,0.0426,0.391,0.588,0.0973,0.371,127.85,424600,3
En silence,AlainFranASSois,10,2OQkkpjzFwGp1OJRmC6DgV,39,0.812,0.832,8,-8.235,1,0.0451,0.0338,0.482,0.0784,0.0396,122.002,378452,4
PrendsMoi La Main,Princess Lover,10,4Pd6R07RgJfjtai6dOBVEe,18,0.52,0.683,6,-8.34,0,0.0473,0.084,0.0956,0.152,0.517,110.648,262480,5
Affliction,AFI,10,2pHxFL26gxeS4ZnGTxJZAf,37,0.403,0.906,8,-5.546,0,0.0587,0.00033,0.0261,0.281,0.333,104.59,328680,4
Autumn In New York,Chico Hamilton,10,04QtdpdB4peXmAYo77dqW2,0,0.282,0.0756,4,-26.424,1,0.0335,0.926,0.909,0.109,0.0806,110.898,200440,4
Goofy Golf,Mack and Jamie,10,41TPh1QAqWXsjZkbqcq86M,0,0.705,0.339,3,-22.068,0,0.876,0.63,0.0,0.128,0.753,50.736,65960,3
All Night Long,Junior Kimbrough,10,0XdJDBL3TmRv7ODKqFPhS1,20,0.4,0.579,1,-9.356,1,0.0299,0.164,0.898,0.316,0.727,168.428,384840,4
Fear The Sea,The Gathering,10,0eOTr5c2CyGT6eNng77Pst,23,0.236,0.81,4,-5.842,0,0.0446,0.000164,0.829,0.365,0.257,131.188,349693,4
Skiff For The Suits,Arsonists Get All The Girls,10,4BqKb4dIAGdmpLeQHJyTZt,11,0.402,0.964,0,-3.385,1,0.11,0.000257,0.00802,0.0755,0.379,103.365,218547,4
We Played A Game,Adolph Hofner,10,4FJsjDOia70R5WPS3j28S6,1,0.856,0.246,7,-16.211,1,0.0561,0.969,0.0101,0.336,0.934,105.122,152027,4
My FoFo  Album Version  Amended,Fat Joe,10,2mKouqwAIdQnMP43zxR89r,73,0.835,0.707,8,-5.074,1,0.0598,0.0219,2.19e-05,0.108,0.919,93.955,267093,4
Past Meets Present,Marco Beltrami,10,18pX424MItFSil6TP34Tft,0,0.0693,0.121,5,-16.619,1,0.0457,0.92,0.983,0.354,0.0345,75.569,170867,4
Rock The Night,Hellsongs,10,5TlzOS4kaVnBFlFMUkYSRv,20,0.527,0.184,4,-12.483,0,0.0329,0.933,0.011,0.124,0.216,124.529,274880,4
Mama Kin,Guns N' Roses,10,5elBPrrIM4dWbGVTluXBPl,45,0.334,0.924,3,-8.505,1,0.0908,0.00388,0.645,0.945,0.625,155.788,235200,4
Perfect Motion,Sunscreem,10,2NTMO7R45RojClYk13EHVK,30,0.823,0.662,7,-14.669,1,0.0546,0.0103,0.757,0.759,0.916,125.045,591800,4
You Called It Madness But I Call It Love Live At Royal Albert Hall,Tiny Tim,10,7g4B2jtmw8ZZwmP2dZlQN8,2,0.137,0.369,7,-14.382,0,0.052,0.51,0.000368,0.325,0.221,50.563,197893,3
Breathe Easy,Williamson,10,7yAd4iw9OsXGta2srLLVAf,0,0.316,0.432,6,-9.341,0,0.0495,0.83,0.00406,0.0897,0.209,73.608,203175,5
In Style,David Johansen,10,111614JOIkDcRFaQqwkeqJ,4,0.475,0.891,9,-7.068,1,0.042,0.0776,1.49e-05,0.322,0.816,131.229,247987,4
Standing On The Promises Palmore Beyond The Veil Album Version,Daryl Coley,10,4OHCcJZQFtqFENnvMTvoeV,21,0.336,0.62,0,-7.41,1,0.0536,0.424,0.0,0.244,0.251,127.542,352840,4
The GreAt Depression,AntiFlag,10,7rPQyZgkxzLHAUQhYl29aX,51,0.573,0.927,2,-4.905,1,0.051,8.15e-05,0.0,0.935,0.583,124.944,175467,4
Hidden Documents,Alexandre Desplat,10,4wYR88I2eLy8G6gcWjM9sw,12,0.584,0.0127,5,-29.966,1,0.0321,0.989,0.944,0.0844,0.187,92.009,130813,4
La Pierrade,BAcnabar,10,7yQRf1Fq3gL3V2IAwuOmaS,16,0.773,0.392,0,-9.224,1,0.0466,0.0248,0.691,0.0707,0.724,119.582,147987,3
What Woman Really Wear To Bed,Steve Harvey,10,1TveMyFzWwmBKLcCbcWlQv,33,0.811,0.522,3,-10.312,0,0.231,0.171,0.0,0.777,0.694,135.974,207027,4
Everyday,James Taylor,10,4fqlTmlufMMWMBWxbLywKl,42,0.755,0.335,4,-16.312,1,0.0316,0.491,0.000271,0.0685,0.481,102.583,193960,4
Just Say Yes,Snow Patrol,10,7EEpVPYeW8Ycaw2SlP1u7f,47,0.535,0.883,9,-5.456,1,0.033,0.0214,1.17e-05,0.0276,0.253,108.02,281987,4
How Many More Years LP Version,John Hammond,10,5VBzIn9cBH4BNa1c6Zilba,52,0.322,0.68,9,-11.349,1,0.061,0.114,0.0245,0.434,0.518,142.748,508000,4
Let It Be Me,Dionne Warwick,10,2v8eWqQiyyiG6NM9gkmeW1,11,0.259,0.332,3,-10.54,1,0.0301,0.666,0.000925,0.131,0.227,175.554,168827,4
Give Me Your Word,Frank Ifield,10,0NmvOTSl0Jnb1plic24eq9,0,0.509,0.277,4,-13.98,1,0.0319,0.582,4.02e-06,0.227,0.516,101.615,152907,4
Sally Ann,The Cufflinks,10,1NAEyMc176DLY9dKHAitkz,1,0.563,0.616,7,-10.255,1,0.049,0.382,0.0,0.476,0.807,137.035,166573,4
Fire,Diamond Rexx,10,2vfX5PFOZNc5hOdWuDbjp4,0,0.522,0.691,1,-7.417,1,0.0692,0.000714,0.232,0.236,0.832,101.882,181333,4
Gabriel's Oboe La Mision,Carlos NuAez,10,4MMDOYZjI4bTmDH0kbJyQ4,28,0.312,0.185,4,-13.938,0,0.033,0.832,4.39e-05,0.093,0.0554,88.604,327040,4
The Vine,MrDe',10,4vcUf8YqLi1mDeT9c0Wo6f,60,0.679,0.481,0,-8.791,0,0.115,0.101,0.0,0.0844,0.665,134.168,247164,4
Fake Plastic Trees Acoustic Version,Radiohead,10,29uCXUBVQfMDb8ekQHJns9,39,0.466,0.177,2,-12.224,1,0.0302,0.593,3.92e-05,0.689,0.153,74.877,285773,4
Knowledge Is King,Kool Moe Dee,10,1lUK4vRyELOO4NJyNh8Q5p,16,0.905,0.601,0,-15.904,1,0.301,0.00631,2.4e-06,0.107,0.526,107.846,219773,4
Melodica,Baby Grand,10,6bgI3JZPDLm6gDE75utatQ,76,0.747,0.518,5,-8.103,0,0.355,0.698,0.000126,0.109,0.574,129.341,217104,5
Cabiria,Hot Club Of Cowtown,10,17Ym8S7bYSYUlUjZVNKH0K,3,0.728,0.551,0,-10.499,1,0.0299,0.771,0.00504,0.354,0.916,131.887,206867,4
Guided By History,Mithotyn,10,40MbQAWOHY3Z7re3Zkrqog,3,0.158,0.909,7,-7.013,1,0.0754,3.49e-06,0.888,0.37,0.195,107.026,391040,4
Memory In The Snow,Michael Gettel,10,1jCJ4Vt2H0Vf5YV8cfcb47,13,0.456,0.369,2,-13.325,1,0.0311,0.257,0.0206,0.106,0.26,138.273,221867,4
Never Know What You Can Do Give It A Try  Original,Leroy Hutson,10,1HEF8LYQUgnffOr6KkiIL8,10,0.515,0.525,9,-13.85,0,0.0307,0.25,0.916,0.121,0.967,142.603,239067,4
Serenata de un gaitero,Gran Coquivacoa Neguito Borjas,10,5XJb10tmPigMER9Hz4IVog,1,0.766,0.935,9,-8.585,0,0.0683,0.756,0.0,0.213,0.83,138.083,345600,3
Our Sand,Vusi Mahlasela,10,7udXTtPzia7UVbHoWUCKKi,0,0.425,0.656,9,-8.288,1,0.0481,0.168,0.0482,0.518,0.577,95.001,358667,3
Felicidade,Moraes Moreira,10,1dzpIUFEnK8g0OccAIeAVh,1,0.82,0.474,9,-11.494,1,0.0437,0.723,7.23e-05,0.0902,0.639,128.638,195907,4
My Greatest Desire,Faye Adams,10,6tZbMc278pj0JhXp1d0ENX,0,0.545,0.388,3,-9.315,1,0.0284,0.786,0.000113,0.283,0.686,111.161,143953,3
Falling In Love,Uriah Heep,10,50jXSvnlYQ6QH7Y3raEVX4,12,0.453,0.835,10,-12.41,0,0.0465,0.0015,0.0381,0.199,0.77,169.763,171613,4
Thank You For Calling,Billy Walker,10,36597vmW4KcJibMIHbv9Dp,7,0.485,0.0799,0,-14.692,1,0.0285,0.94,7.96e-06,0.16,0.175,74.312,163400,3
Deus Ex Machina,William Orbit,10,7f44kK13crelqnp4cmpDrv,5,0.285,0.0306,8,-36.536,0,0.0385,0.86,0.888,0.0954,0.0305,91.387,341800,4
Expire,Antimatter,10,0sEjJhr8NBnNcCyL0KCFgP,8,0.459,0.486,6,-9.402,1,0.0351,0.231,0.131,0.477,0.0516,172.388,479493,4
KORITSU HOSPITAL,An Cafe,10,1xRItZurglvXqMdtEpoPwl,12,0.422,0.921,7,-5.387,1,0.0971,6.23e-05,1.73e-06,0.328,0.476,169.897,274107,4
Todo A Mi Favor,Juan Carlos Baglietto,10,4v7PuPeJRPTdHHjxGHmT44,5,0.532,0.31,4,-14.071,1,0.0936,0.897,0.0,0.0765,0.669,132.978,218040,4
When Me A Move,Capleton,10,69pD0bJTgv4r1cle1qYV8o,0,0.758,0.476,1,-14.757,1,0.151,0.354,0.0,0.139,0.815,102.471,223400,4
What If,Alex,10,1q0YWFd58yh30CtQkGCpUn,28,0.513,0.112,7,-16.551,1,0.0347,0.925,1.08e-05,0.0892,0.196,144.784,190587,4
Manuel SantillAn El LeA3n VersiA3n Reggae,Los Fabulosos Cadillacs,10,41MfyUSxQoo1BgIsNj8eDS,64,0.765,0.849,7,-4.511,0,0.0287,0.133,0.000625,0.218,0.958,107.548,237347,4
People Make The World,The Box Tops,10,7i3XRJC2J2xpxNnat8ZxCP,15,0.532,0.387,7,-11.624,1,0.0279,0.584,0.00061,0.302,0.832,110.823,148600,3
You're Welcome To Tonight Duet w Lynn Anderson Album Version,Gary Morris,10,6wvI5yJXLhYXFx6hLjTeFM,11,0.548,0.392,7,-12.61,1,0.0276,0.195,0.0,0.242,0.4,81.594,228600,4
Contagious,YT,10,6dkFWUPkeex5u5qep27GYp,0,0.452,0.513,1,-10.424,1,0.432,0.139,1.72e-05,0.0917,0.124,83.509,242480,1
I Want You Back,The Plimsouls,10,69zwUikhJCR8ElaxteNPSE,3,0.488,0.907,4,-7.624,1,0.0363,0.0371,8.59e-06,0.376,0.843,123.669,147960,4
Tu Peux Compter Sur Moi,BAcnabar,10,2fCpgJbjGb3wmCOHAj0CZ2,14,0.575,0.403,8,-19.255,0,0.102,0.566,0.00936,0.213,0.962,103.888,464613,4
Ease,Public Image Ltd,10,3C0x2fEKpB3g7asqFHPF1L,12,0.401,0.687,9,-14.318,1,0.0318,0.00674,0.544,0.146,0.399,95.988,488867,4
Loba,Shakira,10,1fPCGREltHJuV3axEPydLp,75,0.853,0.706,7,-7.598,1,0.0451,0.403,0.046,0.0751,0.778,121.991,189200,4
Widescreen,Pinch,10,7ozcrMglgWO631VnJhTHWi,3,0.396,0.564,2,-11.41,1,0.0477,0.0198,0.738,0.0685,0.27,139.902,288398,4
Love Is What We Make It,Kenny Rogers,10,14GbMuej5hOS7VBHQkXQsQ,22,0.494,0.265,5,-16.899,1,0.0335,0.383,0.0,0.0964,0.238,137.549,209387,4
winning friends,Prisma,10,2L3G3KpEh2VcJ3nZ3S08AA,0,0.409,0.786,9,-10.938,1,0.0379,8.37e-05,0.553,0.469,0.328,128.655,219667,4
Sometimes I,Plasmatics,10,4S7vOAb9G0Ly6rywPnArTh,8,0.604,0.712,6,-6.417,1,0.0516,0.0202,1.25e-05,0.38,0.635,106.959,238627,4
Living Underground,Atomic Rooster,10,0Hrm1f9Fj0xeW6vMrxYa09,1,0.411,0.701,9,-11.993,1,0.0923,0.00323,0.000582,0.11,0.494,146.503,218307,4
We're Out Of Gas,Alan Silvestri,10,7wWwip5z9CQfwcGsqPVOax,13,0.153,0.088,5,-21.061,0,0.0434,0.875,0.405,0.118,0.176,83.165,77573,3
Caja De Cerillas,Johannes Linstead,10,4O1ANJZBIrkLh8VJmqADbg,8,0.755,0.762,9,-8.485,0,0.0641,0.417,0.737,0.104,0.502,90.042,298107,4
Regresa A Mi Unbreak My Heart,Yuridia,10,15XFJe7XsInX8leQOhRuhV,33,0.637,0.451,2,-7.281,0,0.0243,0.314,9.65e-06,0.188,0.303,110.007,264533,4
Highest State of Consciousness,Sabda Brahma,10,09pOSieLIsb92AmPvyMqKl,0,0.702,0.941,5,-5.305,0,0.0527,0.0205,0.729,0.614,0.658,158.009,256333,4
She cracked,Modern Lovers,10,0TxnjSeZXBJkojjHV9GEhq,34,0.518,0.831,2,-6.823,1,0.0292,0.000149,2.96e-05,0.202,0.506,146.322,175893,4
Les Playboys Version Espagnole,Jacques Dutronc,10,5U9oFjsRDf6qRMUDD2OfUI,11,0.665,0.46,9,-8.373,1,0.0519,0.495,0.0,0.146,0.529,111.406,186373,4
Warfare,Joell Ortiz,10,2JoIMFdJ071vjIYlXjluDW,9,0.434,0.847,4,-5.977,0,0.374,0.11,0.0,0.319,0.657,189.786,173811,4
Mill Creek,Darden Smith,10,3uKttKEUVGK3vCGAumvww2,0,0.736,0.344,5,-14.241,1,0.03,0.75,0.0642,0.117,0.439,120.009,234747,4
Mile High and Risin',Roger Clyne  The Peacemakers,10,6b0zsru68Uiw2NaNqXGleg,4,0.635,0.861,11,-4.593,1,0.0412,0.19,1.74e-06,0.17,0.857,148.918,170813,4
Black Celebration,Monster Magnet,10,09bkkXFpOVi3aPLvByyWD5,52,0.636,0.743,10,-7.112,1,0.0354,0.000231,0.665,0.123,0.356,95.821,355933,4
Dogon,Carl Crack,10,0UDiog9aLrowR8kPm7hUa9,3,0.745,0.79,1,-13.214,1,0.056,0.396,0.969,0.186,0.253,102.529,256693,3
so long astoria,The Ataris,10,7N2lr3CCJGLxBUkF4PSkch,43,0.379,0.978,2,-3.144,1,0.093,0.00437,0.0,0.423,0.482,182.007,202973,4
I'm Gone This Time,Glen Campbell,10,0uQ3TTndIlZaGDqEewxSob,2,0.655,0.686,9,-10.978,1,0.0369,0.105,0.0,0.139,0.667,137.42,143533,4
Prelude And Fugue In C Major BWV 531 : Fugue,Lionel Rogg,10,7thXeaH5so2VftUAz89UYB,26,0.167,0.337,9,-11.096,0,0.0397,0.433,0.856,0.228,0.0392,129.03,199267,4
Near You,Floyd Cramer,10,1nf3xwSqdueugjEhEr6Rr3,20,0.828,0.322,7,-16.08,1,0.0638,0.521,0.867,0.0674,0.797,111.645,117467,4
The Story Goes On,The Steeles,10,3NxMt9JREtteiyHhI5NYWi,0,0.436,0.303,7,-10.219,1,0.0298,0.354,0.0,0.155,0.242,72.58,261040,3
I Will Love Again JJ's Club Radio,Taras,10,0HvjwIVLZA23YsAfuQB1pm,0,0.606,0.887,3,-6.512,0,0.0291,0.000123,0.000908,0.352,0.757,127.996,200264,4
Everywhere Dream Album Version,Michelle Tumes,10,4D6zTU9P0NXhsEradhTps0,11,0.615,0.737,0,-4.125,1,0.0272,0.123,0.0,0.127,0.403,124.099,227827,4
Your Touch Versus Death,Every Time I Die,10,4aSDZ6mOjp6KtmhAYQNmc7,8,0.271,0.931,4,-9.761,0,0.0788,0.000233,0.515,0.121,0.145,97.242,215373,4
100 Dundee,The Roots,10,63J9sQnp8NxLuOgeqgAS6O,44,0.629,0.904,6,-6.189,0,0.344,0.124,0.0,0.261,0.721,99.73,233493,4
Cuantas Madres Llorando,Los Chunguitos,10,3XvxonfVhKQ34rGIhPZkMx,1,0.568,0.923,1,-4.362,0,0.0596,0.331,0.0,0.161,0.553,96.177,174693,4
De Onda,Bersuit Vergarabat,10,0uz60pFveWnDYVPeRm3qb7,31,0.648,0.521,4,-7.271,0,0.0566,0.0814,0.0,0.555,0.591,121.944,181240,3
Dirty Harry Single Edit,Gorillaz,10,2bfGNzdiRa1jXZRdfssSzR,71,0.625,0.877,10,-7.176,0,0.162,0.0315,0.0811,0.672,0.865,192.296,230426,4
24 Hours from Tulsa Bonus Track,Claire Hamill,10,022vyzDtNPZjI72vVyt66x,25,0.637,0.503,5,-6.712,0,0.22,0.169,0.0,0.296,0.78,169.921,173080,4
Special,Wilshire,10,1Bd6XFRm9wALNKnOnOPFOV,10,0.539,0.847,4,-3.409,0,0.0493,0.0023,2.25e-05,0.0759,0.459,130.105,182360,4
Recordar Es Vivir,El Gran Silencio,10,33rFIUbYd6r3nhRQKDPuIg,10,0.848,0.648,10,-6.001,0,0.0599,0.287,9.91e-06,0.456,0.697,115.029,249213,4
Love Is All Around,Wet Wet Wet,10,0PCGfA36HrVPmsBZJ57zOU,71,0.523,0.689,10,-6.58,1,0.027,0.228,0.0,0.109,0.547,84.09,246240,4
Freaxxx,brokeNCYDE,10,7rNwCrWh4mUl6XA2nxjV0T,36,0.583,0.598,1,-11.966,1,0.17,0.00271,0.0,0.0534,0.157,120.002,221000,4
The Nightmare Begins,ZombieSuckers,10,1x9nqaziKhUTPH6XouckAu,0,0.123,0.122,1,-22.049,1,0.034,0.686,0.904,0.152,0.0384,69.854,62958,3
World Destruction 2005 Digital Remaster,Time Zone,10,6ZesTtqqoWL0DjsnsgaXSP,38,0.59,0.833,11,-4.531,0,0.098,0.00105,0.000543,0.101,0.708,138.478,333080,4
From the Gardner Meditations: African Tarantella,Stefon Harris,10,6Dyqsvfsu3hae5pssdJx69,9,0.343,0.461,1,-10.851,0,0.0368,0.917,0.853,0.288,0.293,70.155,538240,4
Rakkauden veteraani,Kari Tapio,10,6jG8OnFclMQ7dbyUAV307l,2,0.554,0.564,5,-7.634,1,0.0242,0.113,0.0112,0.117,0.504,103.178,226600,4
We Can't Win Explicit,AZ,10,33rSpP9IqDK1AfpxwAgS6t,35,0.719,0.854,9,-7.704,1,0.077,0.227,6.65e-06,0.323,0.774,125.28,193693,4
We Blame Love,Heaven 17,10,6dq6mq6vVlM9RKMZsK5Yxe,1,0.559,0.902,7,-7.997,1,0.395,0.231,0.0,0.949,0.223,132.927,231733,4
The Golden Sea,Danny Davis  The Boys,10,01mCEnE3hwznIc7BvtiPDf,3,0.512,0.617,2,-10.212,1,0.0282,0.0725,0.271,0.24,0.766,132.768,169200,4
Designer Chick,DJ Slugo,10,3rFN5ZuEOo5duvQ4DPhjkl,0,0.802,0.723,11,-6.608,0,0.058,0.000476,7.9e-05,0.131,0.537,149.962,208000,4
Like A Star,Joe McBride,10,7s99veKqOtfbLe2ADEVq80,1,0.68,0.498,1,-13.879,1,0.0474,0.744,0.00397,0.079,0.402,115.904,309547,4
I Do Chris The Greek Remix,Tina Ann,10,1MKyZH2abs2HI24xz2cCeK,2,0.647,0.943,8,-5.79,0,0.0376,0.00625,0.0169,0.0838,0.616,133.995,237467,4
RAMUKA,Tri Atma,10,3q47t94aETcFPrxq7Str1m,1,0.694,0.656,9,-12.461,0,0.0311,0.00823,0.198,0.0463,0.861,110.67,325000,4
Romance,Whitney Cummings,10,4y8gvG7U6eLBmgsUSF3Ohx,15,0.392,0.991,2,-2.268,1,0.544,0.908,0.0,0.928,0.707,83.99,48649,1
Losing track,You Should Go Ahead,10,0jex9whNAWfRLXq5q5pVUM,0,0.319,0.941,1,-2.504,0,0.0736,0.00131,0.000696,0.174,0.489,143.976,235533,4
Camisa Amarela,Gal Costa,10,6agn6uyxnypYDHCXMwrekg,24,0.723,0.519,0,-10.508,1,0.112,0.348,1.13e-05,0.148,0.644,118.054,171867,4
Planxty Morgan Magan The Morning Dew,The Irish Rovers,10,6X9AnLeJ0hsLcTl2j6fwr8,9,0.412,0.966,7,-3.576,1,0.0757,0.697,0.845,0.209,0.834,120.095,204147,4
Venice Queen Album Version,Red Hot Chili Peppers,10,3ZIw7nCYObqthuWCuDrCu0,51,0.346,0.85,0,-4.669,1,0.0426,0.00451,0.000726,0.109,0.159,130.745,367027,4
Sous les chataigniers,Jean Segurel,10,1TVKrUF629ojxxWnzxSohJ,29,0.486,0.298,5,-13.792,1,0.115,0.863,6.16e-05,0.32,0.311,88.024,215795,4
Pretty Smiles  Shattered Teeth,Soilent Green,10,7JAH7BB6Ym7cXj10lcOOwZ,5,0.291,0.981,1,-5.43,1,0.191,6.26e-05,0.533,0.293,0.272,132.405,278960,4
Me Duele,Joe Lopez,10,1jWKFn8uKcT7ZYPbnOevxy,22,0.666,0.695,0,-6.382,1,0.109,0.477,0.0,0.128,0.865,161.966,199307,3
The Road Goes On Forever,The Highwaymen,10,5QvUIQYaDBvssqnxrw1X49,51,0.714,0.633,2,-9.912,1,0.046,0.597,1.23e-05,0.0591,0.672,111.583,281400,4
Cattle Call,Slim Whitman,10,4RHY3ihc9L2Lv040mrXweR,18,0.587,0.398,5,-9.051,1,0.0251,0.953,0.00893,0.268,0.523,106.656,152280,3
La Valse De La Cour BOF Mayerling,Francis Lai,10,4OWa2dOlmtvMDhFrFL0QA1,75,0.185,0.469,2,-7.729,0,0.0314,0.00652,0.909,0.201,0.422,150.319,105560,3
The Arms That Won't Let Go The Pillow SongGreat Is Thy Faithfulness,Al Denson,10,73ZGW3v5caUFBsHSkQQfpX,46,0.567,0.358,4,-9.001,1,0.0266,0.386,0.0,0.112,0.158,84.96,271766,3
Lu Ren Jia,Justin,10,3E8DRX2DYenyqgehQrqIze,3,0.411,0.37,6,-9.167,0,0.0319,0.529,0.0,0.157,0.225,145.724,234243,4
Kablammin' It,Long Beach Dub Allstars,10,1gN9pP5Pi7WmjmaE36hfDZ,19,0.592,0.782,5,-3.674,1,0.0745,0.0124,0.0,0.097,0.642,139.1,278067,4
Cellular Phone,Bounty Killer,10,3VrucfkSiY3MaiSIA91c3p,19,0.805,0.55,4,-12.864,0,0.129,0.303,4.05e-05,0.163,0.762,79.902,209760,4
All My Life LP Version,Venice,10,1FrroOK3Dd6HF6Savym1Lx,49,0.438,0.839,0,-5.307,0,0.0468,0.211,0.0,0.34,0.491,146.866,200000,4
Can You Hear The Angels,Virtue,10,1bjgferMWzZ3LA9ZtRakJU,0,0.455,0.574,5,-9.911,1,0.0451,0.637,0.00375,0.137,0.653,164.827,223507,4
The Jumping Master,Mikey Dread,10,5sZt1lSAGTzQONdeYApwjZ,24,0.796,0.734,8,-6.84,1,0.206,0.00678,0.00122,0.155,0.84,143.647,309827,4
Get Back,F4,10,0HJIMdyoe9VnITXYLvWqsM,0,0.649,0.965,2,-10.796,1,0.0403,0.0108,0.0782,0.276,0.744,135.063,279414,4
The Sweep,Two Man Advantage,10,75sldwXjojkiBFq6IF2bvH,0,0.411,0.982,5,-6.048,1,0.242,0.00806,2.42e-05,0.33,0.428,106.36,50840,4
If I Couldn't Hold Back The Dawn,Carl Smith,10,7KA8e8VF0Ne8jxahKA5rF9,24,0.557,0.522,5,-11.49,1,0.028,0.701,0.000371,0.211,0.876,148.446,135493,4
Toccata Et Fugue En RAc Mineur BWV 565,Lionel Rogg,10,4HE2Ex0bjbj3YNXmV01OoM,46,0.303,0.158,2,-15.529,0,0.0417,0.705,0.259,0.239,0.108,83.546,150800,4
Marching,The Zebras,10,0K0QM2x2KgpncqdAa6Ewvl,0,0.355,0.863,4,-6.73,1,0.0325,0.179,0.0,0.0304,0.811,150.983,131693,4
Morning at the hotel,Zbigniew Preisner,10,0ytNVtgfqMsfU2Cc4gUhUF,18,0.23,0.161,0,-12.242,1,0.041,0.682,0.666,0.0901,0.201,211.092,146907,1
La Nit De Reis,Gertrudis,10,3F9kmDAkUqTJMAiuE3zGGF,1,0.737,0.805,2,-6.368,1,0.0436,0.0623,0.00814,0.13,0.674,112.065,215560,4
Streets On Fire Explicit Album Version,Lupe Fiasco,10,1fNpOEgu770UrRTzeVsKZT,37,0.665,0.982,7,-5.796,0,0.119,0.299,0.0,0.119,0.46,110.091,279973,4
Fishing Blues,Jim Kweskin The Jug Band,10,0Q8qnSzvQeFEvmFyjP0rky,0,0.38,0.661,11,-7.124,0,0.0338,0.736,0.0,0.187,0.893,146.074,204000,4
Bill's Speech  A New Kind of Warrior,Rolfe Kent,10,2hposASvrQouuaID31BCJu,1,0.377,0.0934,0,-25.961,1,0.0318,0.535,0.93,0.118,0.0954,140.686,100320,3
Chao Wo,Miriam Yeung,10,18ECkpnxAKxF1G7V72kOeV,9,0.702,0.999,9,-3.045,0,0.0801,0.0194,0.0,0.0714,0.679,134.997,277386,4
The Everlasting Gaze A Static Lullaby,A Static Lullaby,10,0Ku5cCKcmXbRKCtF2KMRJE,0,0.398,0.897,2,-6.329,1,0.1,1.65e-05,9.18e-06,0.131,0.346,149.96,241120,4
Mindless,Steve Porter,10,2VCBxhzYocDFRIL0DcfFp1,0,0.746,0.954,2,-10.101,1,0.073,2.44e-05,0.864,0.0459,0.12,139.013,511787,4
Thank You Mr Poobah  Remastered 97' Version ,The Paul Butterfield Blues Band,10,3qeO6POcgepMG7CptnMibV,26,0.439,0.695,2,-9.798,1,0.0495,0.832,0.776,0.395,0.923,157.711,245933,4
Crazy Mixed Up World,Faye Adams,10,3ofuhmwvYCASttp8RoHUQO,0,0.406,0.294,8,-8.469,1,0.0435,0.78,0.161,0.119,0.47,67.554,156769,4
